KST_ID,ART_ID,DAY_DATE,DAY_SOHBEG,DAY_SOHEND,DAY_QTYPURCH,DAY_QTYTRSFIN,DAY_QTYTRSFOUT,DAY_QTYUSAGE,DAY_QTYSOLD,DAY_QTYPRODUSE,DAY_QTYPROD,DAY_QTYINV,DAY_SOHINV,DAY_INVDATE,DAY_PRICELAST,DAY_PRICEAVG,DAY_PRICELPURCH,DAY_PRICELTRSF,DAY_FLAGEXP,DAY_FLAGPRICE,NEW_USER,NEW_ZEIT,CHG_USER,CHG_ZEIT,DAY_REVENUE,DAY_PRICE,DAY_QTYINVBEG,DAY_QTYEXPENSE,DAY_PRICESTD,DAY_SUMPURCH,DAY_SUMTRSF,DAY_QTYYIELDIN,DAY_SUMYIELD,DAY_USAGEFACTOR,DAY_SUMVATPURCH,DAY_SUMVATTRSF,DAY_VATAVG,DAY_FLAGPRICEEXP,DAY_SUMTRSFOUT
15,1,2026-05-05 00:00:00,80,80,0,0,0,0,0,0,0,0,0,,0.000,0.000,,,1,0,1,2026-05-05 02:00:21,1,2026-05-05 02:00:21,,0.000,0,0,0.000,0,0,0,0,,0,0,0.000,,0
15,21,2026-05-05 00:00:00,19,19,0,0,0,0,0,0,0,0,0,,0.000,0.000,,,1,0,1,2026-05-05 02:00:21,1,2026-05-05 02:00:21,,0.000,0,0,0.000,0,0,0,0,,0,0,0.000,,0
15,22,2026-05-05 00:00:00,4,4,0,0,0,0,0,0,0,0,0,,0.000,0.000,,,1,0,1,2026-05-05 02:00:21,1,2026-05-05 02:00:21,,0.000,0,0,0.000,0,0,0,0,,0,0,0.000,,0
15,74,2026-05-05 00:00:00,26,26,0,0,0,0,0,0,0,0,0,,0.000,0.000,,,1,0,1,2026-05-05 02:00:21,1,2026-05-05 02:00:21,,0.000,0,0,0.000,0,0,0,0,,0,0,0.000,,0
15,75,2026-05-05 00:00:00,3,3,0,0,0,0,0,0,0,0,0,,0.000,0.000,,,1,0,1,2026-05-05 02:00:21,1,2026-05-05 02:00:21,,0.000,0,0,0.000,0,0,0,0,,0,0,0.000,,0
15,76,2026-05-05 00:00:00,17,17,0,0,0,0,0,0,0,0,0,,0.000,0.000,,,1,0,1,2026-05-05 02:00:21,1,2026-05-05 02:00:21,,0.000,0,0,0.000,0,0,0,0,,0,0,0.000,,0
15,77,2026-05-05 00:00:00,22,22,0,0,0,0,0,0,0,0,0,,0.000,0.000,,,1,0,1,2026-05-05 02:00:21,1,2026-05-05 02:00:21,,0.000,0,0,0.000,0,0,0,0,,0,0,0.000,,0
15,81,2026-05-05 00:00:00,7,7,0,0,0,0,0,0,0,0,0,,0.000,0.000,,,1,0,1,2026-05-05 02:00:21,1,2026-05-05 02:00:21,,0.000,0,0,0.000,0,0,0,0,,0,0,0.000,,0
15,82,2026-05-05 00:00:00,16,16,0,0,0,0,0,0,0,0,0,,0.000,0.000,,,1,0,1,2026-05-05 02:00:21,1,2026-05-05 02:00:21,,0.000,0,0,0.000,0,0,0,0,,0,0,0.000,,0
15,83,2026-05-05 00:00:00,22,22,0,0,0,0,0,0,0,0,0,,0.000,0.000,,,1,0,1,2026-05-05 02:00:21,1,2026-05-05 02:00:21,,0.000,0,0,0.000,0,0,0,0,,0,0,0.000,,0
15,84,2026-05-05 00:00:00,1,1,0,0,0,0,0,0,0,0,0,,0.000,0.000,,,1,0,1,2026-05-05 02:00:21,1,2026-05-05 02:00:21,,0.000,0,0,0.000,0,0,0,0,,0,0,0.000,,0
15,89,2026-05-05 00:00:00,24,24,0,0,0,0,0,0,0,0,0,,0.000,0.000,,,1,0,1,2026-05-05 02:00:21,1,2026-05-05 02:00:21,,0.000,0,0,0.000,0,0,0,0,,0,0,0.000,,0
15,92,2026-05-05 00:00:00,21,21,0,0,0,0,0,0,0,0,0,,0.000,0.000,,,1,0,1,2026-05-05 02:00:21,1,2026-05-05 02:00:21,,0.000,0,0,0.000,0,0,0,0,,0,0,0.000,,0
15,98,2026-05-05 00:00:00,27,27,0,0,0,0,0,0,0,0,0,,0.000,0.000,,,1,0,1,2026-05-05 02:00:21,1,2026-05-05 02:00:21,,0.000,0,0,0.000,0,0,0,0,,0,0,0.000,,0
15,99,2026-05-05 00:00:00,17,17,0,0,0,0,0,0,0,0,0,,0.000,0.000,,,1,0,1,2026-05-05 02:00:21,1,2026-05-05 02:00:21,,0.000,0,0,0.000,0,0,0,0,,0,0,0.000,,0
15,100,2026-05-05 00:00:00,11,11,0,0,0,0,0,0,0,0,0,,0.000,0.000,,,1,0,1,2026-05-05 02:00:21,1,2026-05-05 02:00:21,,0.000,0,0,0.000,0,0,0,0,,0,0,0.000,,0
15,105,2026-05-05 00:00:00,14,14,0,0,0,0,0,0,0,0,0,,0.000,0.000,,,1,0,1,2026-05-05 02:00:21,1,2026-05-05 02:00:21,,0.000,0,0,0.000,0,0,0,0,,0,0,0.000,,0
15,107,2026-05-05 00:00:00,4,4,0,0,0,0,0,0,0,0,0,,0.000,0.000,,,1,0,1,2026-05-05 02:00:21,1,2026-05-05 02:00:21,,0.000,0,0,0.000,0,0,0,0,,0,0,0.000,,0
15,108,2026-05-05 00:00:00,22,22,0,0,0,0,0,0,0,0,0,,0.000,0.000,,,1,0,1,2026-05-05 02:00:21,1,2026-05-05 02:00:21,,0.000,0,0,0.000,0,0,0,0,,0,0,0.000,,0
15,109,2026-05-05 00:00:00,14,14,0,0,0,0,0,0,0,0,0,,0.000,0.000,,,1,0,1,2026-05-05 02:00:21,1,2026-05-05 02:00:21,,0.000,0,0,0.000,0,0,0,0,,0,0,0.000,,0
15,110,2026-05-05 00:00:00,28,28,0,0,0,0,0,0,0,0,0,,0.000,0.000,,,1,0,1,2026-05-05 02:00:21,1,2026-05-05 02:00:21,,0.000,0,0,0.000,0,0,0,0,,0,0,0.000,,0
15,112,2026-05-05 00:00:00,20,20,0,0,0,0,0,0,0,0,0,,0.000,0.000,,,1,0,1,2026-05-05 02:00:21,1,2026-05-05 02:00:21,,0.000,0,0,0.000,0,0,0,0,,0,0,0.000,,0
15,113,2026-05-05 00:00:00,20,20,0,0,0,0,0,0,0,0,0,,0.000,0.000,,,1,0,1,2026-05-05 02:00:21,1,2026-05-05 02:00:21,,0.000,0,0,0.000,0,0,0,0,,0,0,0.000,,0
15,115,2026-05-05 00:00:00,20,20,0,0,0,0,0,0,0,0,0,,0.000,0.000,,,1,0,1,2026-05-05 02:00:21,1,2026-05-05 02:00:21,,0.000,0,0,0.000,0,0,0,0,,0,0,0.000,,0
15,119,2026-05-05 00:00:00,11,11,0,0,0,0,0,0,0,0,0,,0.000,0.000,,,1,0,1,2026-05-05 02:00:21,1,2026-05-05 02:00:21,,0.000,0,0,0.000,0,0,0,0,,0,0,0.000,,0
15,120,2026-05-05 00:00:00,14,14,0,0,0,0,0,0,0,0,0,,0.000,0.000,,,1,0,1,2026-05-05 02:00:21,1,2026-05-05 02:00:21,,0.000,0,0,0.000,0,0,0,0,,0,0,0.000,,0
15,121,2026-05-05 00:00:00,21,21,0,0,0,0,0,0,0,0,0,,0.000,0.000,,,1,0,1,2026-05-05 02:00:21,1,2026-05-05 02:00:21,,0.000,0,0,0.000,0,0,0,0,,0,0,0.000,,0
15,122,2026-05-05 00:00:00,0,0,0,0,0,0,0,0,0,0,0,,0.000,0.000,,,1,0,1,2026-05-05 02:00:21,1,2026-05-05 02:00:21,,0.000,0,0,0.000,0,0,0,0,,0,0,0.000,,0
15,123,2026-05-05 00:00:00,17,17,0,0,0,0,0,0,0,0,0,,0.000,0.000,,,1,0,1,2026-05-05 02:00:21,1,2026-05-05 02:00:21,,0.000,0,0,0.000,0,0,0,0,,0,0,0.000,,0
15,125,2026-05-05 00:00:00,3,3,0,0,0,0,0,0,0,0,0,,0.000,0.000,,,1,0,1,2026-05-05 02:00:21,1,2026-05-05 02:00:21,,0.000,0,0,0.000,0,0,0,0,,0,0,0.000,,0
15,128,2026-05-05 00:00:00,2,2,0,0,0,0,0,0,0,0,0,,0.000,0.000,,,1,0,1,2026-05-05 02:00:21,1,2026-05-05 02:00:21,,0.000,0,0,0.000,0,0,0,0,,0,0,0.000,,0
15,129,2026-05-05 00:00:00,7,7,0,0,0,0,0,0,0,0,0,,0.000,0.000,,,1,0,1,2026-05-05 02:00:21,1,2026-05-05 02:00:21,,0.000,0,0,0.000,0,0,0,0,,0,0,0.000,,0
15,130,2026-05-05 00:00:00,8,8,0,0,0,0,0,0,0,0,0,,0.000,0.000,,,1,0,1,2026-05-05 02:00:21,1,2026-05-05 02:00:21,,0.000,0,0,0.000,0,0,0,0,,0,0,0.000,,0
15,136,2026-05-05 00:00:00,30,30,0,0,0,0,0,0,0,0,0,,0.000,0.000,,,1,0,1,2026-05-05 02:00:21,1,2026-05-05 02:00:21,,0.000,0,0,0.000,0,0,0,0,,0,0,0.000,,0
15,137,2026-05-05 00:00:00,19,19,0,0,0,0,0,0,0,0,0,,0.000,0.000,,,1,0,1,2026-05-05 02:00:21,1,2026-05-05 02:00:21,,0.000,0,0,0.000,0,0,0,0,,0,0,0.000,,0
15,138,2026-05-05 00:00:00,4,4,0,0,0,0,0,0,0,0,0,,0.000,0.000,,,1,0,1,2026-05-05 02:00:21,1,2026-05-05 02:00:21,,0.000,0,0,0.000,0,0,0,0,,0,0,0.000,,0
15,139,2026-05-05 00:00:00,0,0,0,0,0,0,0,0,0,0,0,,0.000,0.000,,,1,0,1,2026-05-05 02:00:21,1,2026-05-05 02:00:21,,0.000,0,0,0.000,0,0,0,0,,0,0,0.000,,0
15,140,2026-05-05 00:00:00,95,95,0,0,0,0,0,0,0,0,0,,0.000,0.000,,,1,0,1,2026-05-05 02:00:21,1,2026-05-05 02:00:21,,0.000,0,0,0.000,0,0,0,0,,0,0,0.000,,0
15,141,2026-05-05 00:00:00,16,16,0,0,0,0,0,0,0,0,0,,0.000,0.000,,,1,0,1,2026-05-05 02:00:21,1,2026-05-05 02:00:21,,0.000,0,0,0.000,0,0,0,0,,0,0,0.000,,0
15,142,2026-05-05 00:00:00,2,2,0,0,0,0,0,0,0,0,0,,0.000,0.000,,,1,0,1,2026-05-05 02:00:21,1,2026-05-05 02:00:21,,0.000,0,0,0.000,0,0,0,0,,0,0,0.000,,0
15,143,2026-05-05 00:00:00,0,0,0,0,0,0,0,0,0,0,0,,0.000,0.000,,,1,0,1,2026-05-05 02:00:21,1,2026-05-05 02:00:21,,0.000,0,0,0.000,0,0,0,0,,0,0,0.000,,0
15,144,2026-05-05 00:00:00,85,85,0,0,0,0,0,0,0,0,0,,0.000,0.000,,,1,0,1,2026-05-05 02:00:21,1,2026-05-05 02:00:21,,0.000,0,0,0.000,0,0,0,0,,0,0,0.000,,0
15,145,2026-05-05 00:00:00,12,12,0,0,0,0,0,0,0,0,0,,0.000,0.000,,,1,0,1,2026-05-05 02:00:21,1,2026-05-05 02:00:21,,0.000,0,0,0.000,0,0,0,0,,0,0,0.000,,0
15,146,2026-05-05 00:00:00,62,62,0,0,0,0,0,0,0,0,0,,0.000,0.000,,,1,0,1,2026-05-05 02:00:21,1,2026-05-05 02:00:21,,0.000,0,0,0.000,0,0,0,0,,0,0,0.000,,0
15,148,2026-05-05 00:00:00,5,5,0,0,0,0,0,0,0,0,0,,0.000,0.000,,,1,0,1,2026-05-05 02:00:21,1,2026-05-05 02:00:21,,0.000,0,0,0.000,0,0,0,0,,0,0,0.000,,0
15,149,2026-05-05 00:00:00,6,6,0,0,0,0,0,0,0,0,0,,0.000,0.000,,,1,0,1,2026-05-05 02:00:21,1,2026-05-05 02:00:21,,0.000,0,0,0.000,0,0,0,0,,0,0,0.000,,0
15,151,2026-05-05 00:00:00,14,14,0,0,0,0,0,0,0,0,0,,0.000,0.000,,,1,0,1,2026-05-05 02:00:21,1,2026-05-05 02:00:21,,0.000,0,0,0.000,0,0,0,0,,0,0,0.000,,0
15,152,2026-05-05 00:00:00,22,22,0,0,0,0,0,0,0,0,0,,0.000,0.000,,,1,0,1,2026-05-05 02:00:21,1,2026-05-05 02:00:21,,0.000,0,0,0.000,0,0,0,0,,0,0,0.000,,0
15,154,2026-05-05 00:00:00,10,10,0,0,0,0,0,0,0,0,0,,0.000,0.000,,,1,0,1,2026-05-05 02:00:21,1,2026-05-05 02:00:21,,0.000,0,0,0.000,0,0,0,0,,0,0,0.000,,0
15,157,2026-05-05 00:00:00,7,7,0,0,0,0,0,0,0,0,0,,0.000,0.000,,,1,0,1,2026-05-05 02:00:21,1,2026-05-05 02:00:21,,0.000,0,0,0.000,0,0,0,0,,0,0,0.000,,0
15,159,2026-05-05 00:00:00,4,4,0,0,0,0,0,0,0,0,0,,0.000,0.000,,,1,0,1,2026-05-05 02:00:21,1,2026-05-05 02:00:21,,0.000,0,0,0.000,0,0,0,0,,0,0,0.000,,0
15,160,2026-05-05 00:00:00,0,0,0,0,0,0,0,0,0,0,0,,0.000,0.000,,,1,0,1,2026-05-05 02:00:21,1,2026-05-05 02:00:21,,0.000,0,0,0.000,0,0,0,0,,0,0,0.000,,0
15,161,2026-05-05 00:00:00,23,23,0,0,0,0,0,0,0,0,0,,0.000,0.000,,,1,0,1,2026-05-05 02:00:21,1,2026-05-05 02:00:21,,0.000,0,0,0.000,0,0,0,0,,0,0,0.000,,0
15,163,2026-05-05 00:00:00,4,4,0,0,0,0,0,0,0,0,0,,0.000,0.000,,,1,0,1,2026-05-05 02:00:21,1,2026-05-05 02:00:21,,0.000,0,0,0.000,0,0,0,0,,0,0,0.000,,0
15,167,2026-05-05 00:00:00,12,12,0,0,0,0,0,0,0,0,0,,0.000,0.000,,,1,0,1,2026-05-05 02:00:21,1,2026-05-05 02:00:21,,0.000,0,0,0.000,0,0,0,0,,0,0,0.000,,0
15,168,2026-05-05 00:00:00,46,46,0,0,0,0,0,0,0,0,0,,0.000,0.000,,,1,0,1,2026-05-05 02:00:21,1,2026-05-05 02:00:21,,0.000,0,0,0.000,0,0,0,0,,0,0,0.000,,0
15,169,2026-05-05 00:00:00,34,34,0,0,0,0,0,0,0,0,0,,0.000,0.000,,,1,0,1,2026-05-05 02:00:21,1,2026-05-05 02:00:21,,0.000,0,0,0.000,0,0,0,0,,0,0,0.000,,0
15,170,2026-05-05 00:00:00,34,34,0,0,0,0,0,0,0,0,0,,0.000,0.000,,,1,0,1,2026-05-05 02:00:21,1,2026-05-05 02:00:21,,0.000,0,0,0.000,0,0,0,0,,0,0,0.000,,0
15,171,2026-05-05 00:00:00,37,37,0,0,0,0,0,0,0,0,0,,0.000,0.000,,,1,0,1,2026-05-05 02:00:21,1,2026-05-05 02:00:21,,0.000,0,0,0.000,0,0,0,0,,0,0,0.000,,0
15,172,2026-05-05 00:00:00,16,16,0,0,0,0,0,0,0,0,0,,0.000,0.000,,,1,0,1,2026-05-05 02:00:21,1,2026-05-05 02:00:21,,0.000,0,0,0.000,0,0,0,0,,0,0,0.000,,0
15,174,2026-05-05 00:00:00,10,10,0,0,0,0,0,0,0,0,0,,0.000,0.000,,,1,0,1,2026-05-05 02:00:21,1,2026-05-05 02:00:21,,0.000,0,0,0.000,0,0,0,0,,0,0,0.000,,0
15,175,2026-05-05 00:00:00,15,15,0,0,0,0,0,0,0,0,0,,0.000,0.000,,,1,0,1,2026-05-05 02:00:21,1,2026-05-05 02:00:21,,0.000,0,0,0.000,0,0,0,0,,0,0,0.000,,0
15,178,2026-05-05 00:00:00,0,0,0,0,0,0,0,0,0,0,0,,0.000,0.000,,,1,0,1,2026-05-05 02:00:21,1,2026-05-05 02:00:21,,0.000,0,0,0.000,0,0,0,0,,0,0,0.000,,0
15,179,2026-05-05 00:00:00,5,5,0,0,0,0,0,0,0,0,0,,0.000,0.000,,,1,0,1,2026-05-05 02:00:21,1,2026-05-05 02:00:21,,0.000,0,0,0.000,0,0,0,0,,0,0,0.000,,0
15,181,2026-05-05 00:00:00,0,0,0,0,0,0,0,0,0,0,0,,0.000,0.000,,,1,0,1,2026-05-05 02:00:21,1,2026-05-05 02:00:21,,0.000,0,0,0.000,0,0,0,0,,0,0,0.000,,0
15,182,2026-05-05 00:00:00,0,0,0,0,0,0,0,0,0,0,0,,0.000,0.000,,,1,0,1,2026-05-05 02:00:21,1,2026-05-05 02:00:21,,0.000,0,0,0.000,0,0,0,0,,0,0,0.000,,0
15,185,2026-05-05 00:00:00,2,2,0,0,0,0,0,0,0,0,0,,0.000,0.000,,,1,0,1,2026-05-05 02:00:21,1,2026-05-05 02:00:21,,0.000,0,0,0.000,0,0,0,0,,0,0,0.000,,0
15,187,2026-05-05 00:00:00,43,43,0,0,0,0,0,0,0,0,0,,0.000,0.000,,,1,0,1,2026-05-05 02:00:21,1,2026-05-05 02:00:21,,0.000,0,0,0.000,0,0,0,0,,0,0,0.000,,0
15,188,2026-05-05 00:00:00,20,20,0,0,0,0,0,0,0,0,0,,0.000,0.000,,,1,0,1,2026-05-05 02:00:21,1,2026-05-05 02:00:21,,0.000,0,0,0.000,0,0,0,0,,0,0,0.000,,0
15,189,2026-05-05 00:00:00,30,30,0,0,0,0,0,0,0,0,0,,0.000,0.000,,,1,0,1,2026-05-05 02:00:21,1,2026-05-05 02:00:21,,0.000,0,0,0.000,0,0,0,0,,0,0,0.000,,0
15,190,2026-05-05 00:00:00,9,9,0,0,0,0,0,0,0,0,0,,0.000,0.000,,,1,0,1,2026-05-05 02:00:21,1,2026-05-05 02:00:21,,0.000,0,0,0.000,0,0,0,0,,0,0,0.000,,0
15,191,2026-05-05 00:00:00,8,8,0,0,0,0,0,0,0,0,0,,0.000,0.000,,,1,0,1,2026-05-05 02:00:21,1,2026-05-05 02:00:21,,0.000,0,0,0.000,0,0,0,0,,0,0,0.000,,0
15,192,2026-05-05 00:00:00,8,8,0,0,0,0,0,0,0,0,0,,0.000,0.000,,,1,0,1,2026-05-05 02:00:21,1,2026-05-05 02:00:21,,0.000,0,0,0.000,0,0,0,0,,0,0,0.000,,0
15,193,2026-05-05 00:00:00,1,1,0,0,0,0,0,0,0,0,0,,0.000,0.000,,,1,0,1,2026-05-05 02:00:21,1,2026-05-05 02:00:21,,0.000,0,0,0.000,0,0,0,0,,0,0,0.000,,0
15,196,2026-05-05 00:00:00,44,44,0,0,0,0,0,0,0,0,0,,0.000,0.000,,,1,0,1,2026-05-05 02:00:21,1,2026-05-05 02:00:21,,0.000,0,0,0.000,0,0,0,0,,0,0,0.000,,0
15,198,2026-05-05 00:00:00,18,18,0,0,0,0,0,0,0,0,0,,0.000,0.000,,,1,0,1,2026-05-05 02:00:21,1,2026-05-05 02:00:21,,0.000,0,0,0.000,0,0,0,0,,0,0,0.000,,0
15,199,2026-05-05 00:00:00,55,55,0,0,0,0,0,0,0,0,0,,0.000,0.000,,,1,0,1,2026-05-05 02:00:21,1,2026-05-05 02:00:21,,0.000,0,0,0.000,0,0,0,0,,0,0,0.000,,0
15,200,2026-05-05 00:00:00,0,0,0,0,0,0,0,0,0,0,0,,0.000,0.000,,,1,0,1,2026-05-05 02:00:21,1,2026-05-05 02:00:21,,0.000,0,0,0.000,0,0,0,0,,0,0,0.000,,0
15,201,2026-05-05 00:00:00,12,12,0,0,0,0,0,0,0,0,0,,0.000,0.000,,,1,0,1,2026-05-05 02:00:21,1,2026-05-05 02:00:21,,0.000,0,0,0.000,0,0,0,0,,0,0,0.000,,0
15,202,2026-05-05 00:00:00,3,3,0,0,0,0,0,0,0,0,0,,0.000,0.000,,,1,0,1,2026-05-05 02:00:21,1,2026-05-05 02:00:21,,0.000,0,0,0.000,0,0,0,0,,0,0,0.000,,0
15,203,2026-05-05 00:00:00,5,5,0,0,0,0,0,0,0,0,0,,0.000,0.000,,,1,0,1,2026-05-05 02:00:21,1,2026-05-05 02:00:21,,0.000,0,0,0.000,0,0,0,0,,0,0,0.000,,0
15,204,2026-05-05 00:00:00,0,0,0,0,0,0,0,0,0,0,0,,0.000,0.000,,,1,0,1,2026-05-05 02:00:21,1,2026-05-05 02:00:21,,0.000,0,0,0.000,0,0,0,0,,0,0,0.000,,0
15,206,2026-05-05 00:00:00,5,5,0,0,0,0,0,0,0,0,0,,0.000,0.000,,,1,0,1,2026-05-05 02:00:21,1,2026-05-05 02:00:21,,0.000,0,0,0.000,0,0,0,0,,0,0,0.000,,0
15,207,2026-05-05 00:00:00,4,4,0,0,0,0,0,0,0,0,0,,0.000,0.000,,,1,0,1,2026-05-05 02:00:21,1,2026-05-05 02:00:21,,0.000,0,0,0.000,0,0,0,0,,0,0,0.000,,0
15,209,2026-05-05 00:00:00,20,20,0,0,0,0,0,0,0,0,0,,0.000,0.000,,,1,0,1,2026-05-05 02:00:21,1,2026-05-05 02:00:21,,0.000,0,0,0.000,0,0,0,0,,0,0,0.000,,0
15,210,2026-05-05 00:00:00,23,23,0,0,0,0,0,0,0,0,0,,0.000,0.000,,,1,0,1,2026-05-05 02:00:21,1,2026-05-05 02:00:21,,0.000,0,0,0.000,0,0,0,0,,0,0,0.000,,0
15,211,2026-05-05 00:00:00,9,9,0,0,0,0,0,0,0,0,0,,0.000,0.000,,,1,0,1,2026-05-05 02:00:21,1,2026-05-05 02:00:21,,0.000,0,0,0.000,0,0,0,0,,0,0,0.000,,0
15,212,2026-05-05 00:00:00,57,57,0,0,0,0,0,0,0,0,0,,0.000,0.000,,,1,0,1,2026-05-05 02:00:21,1,2026-05-05 02:00:21,,0.000,0,0,0.000,0,0,0,0,,0,0,0.000,,0
15,220,2026-05-05 00:00:00,40,40,0,0,0,0,0,0,0,0,0,,0.000,0.000,,,1,0,1,2026-05-05 02:00:21,1,2026-05-05 02:00:21,,0.000,0,0,0.000,0,0,0,0,,0,0,0.000,,0
15,221,2026-05-05 00:00:00,7,7,0,0,0,0,0,0,0,0,0,,0.000,0.000,,,1,0,1,2026-05-05 02:00:21,1,2026-05-05 02:00:21,,0.000,0,0,0.000,0,0,0,0,,0,0,0.000,,0
15,222,2026-05-05 00:00:00,34,34,0,0,0,0,0,0,0,0,0,,0.000,0.000,,,1,0,1,2026-05-05 02:00:21,1,2026-05-05 02:00:21,,0.000,0,0,0.000,0,0,0,0,,0,0,0.000,,0
15,223,2026-05-05 00:00:00,11,11,0,0,0,0,0,0,0,0,0,,0.000,0.000,,,1,0,1,2026-05-05 02:00:21,1,2026-05-05 02:00:21,,0.000,0,0,0.000,0,0,0,0,,0,0,0.000,,0
15,226,2026-05-05 00:00:00,5,5,0,0,0,0,0,0,0,0,0,,0.000,0.000,,,1,0,1,2026-05-05 02:00:21,1,2026-05-05 02:00:21,,0.000,0,0,0.000,0,0,0,0,,0,0,0.000,,0
15,229,2026-05-05 00:00:00,31,31,0,0,0,0,0,0,0,0,0,,0.000,0.000,,,1,0,1,2026-05-05 02:00:21,1,2026-05-05 02:00:21,,0.000,0,0,0.000,0,0,0,0,,0,0,0.000,,0
15,230,2026-05-05 00:00:00,1,1,0,0,0,0,0,0,0,0,0,,0.000,0.000,,,1,0,1,2026-05-05 02:00:21,1,2026-05-05 02:00:21,,0.000,0,0,0.000,0,0,0,0,,0,0,0.000,,0
15,249,2026-05-05 00:00:00,4,4,0,0,0,0,0,0,0,0,0,,0.000,0.000,,,1,0,1,2026-05-05 02:00:21,1,2026-05-05 02:00:21,,0.000,0,0,0.000,0,0,0,0,,0,0,0.000,,0
15,252,2026-05-05 00:00:00,3,3,0,0,0,0,0,0,0,0,0,,0.000,0.000,,,1,0,1,2026-05-05 02:00:21,1,2026-05-05 02:00:21,,0.000,0,0,0.000,0,0,0,0,,0,0,0.000,,0
15,266,2026-05-05 00:00:00,13,13,0,0,0,0,0,0,0,0,0,,0.000,0.000,,,1,0,1,2026-05-05 02:00:21,1,2026-05-05 02:00:21,,0.000,0,0,0.000,0,0,0,0,,0,0,0.000,,0
15,270,2026-05-05 00:00:00,15,15,0,0,0,0,0,0,0,0,0,,0.000,0.000,,,1,0,1,2026-05-05 02:00:21,1,2026-05-05 02:00:21,,0.000,0,0,0.000,0,0,0,0,,0,0,0.000,,0
15,276,2026-05-05 00:00:00,45.8469,45.8469,0,0,0,0,0,0,0,0,0,,0.000,0.000,,,1,0,1,2026-05-05 02:00:21,1,2026-05-05 02:00:21,,0.000,0,0,0.000,0,0,0,0,,0,0,0.000,,0
15,277,2026-05-05 00:00:00,3,3,0,0,0,0,0,0,0,0,0,,0.000,0.000,,,1,0,1,2026-05-05 02:00:21,1,2026-05-05 02:00:21,,0.000,0,0,0.000,0,0,0,0,,0,0,0.000,,0
15,278,2026-05-05 00:00:00,4400,4400,0,0,0,0,0,0,0,0,0,,0.000,0.000,,,1,0,1,2026-05-05 02:00:21,1,2026-05-05 02:00:21,,0.000,0,0,0.000,0,0,0,0,,0,0,0.000,,0
15,279,2026-05-05 00:00:00,30,30,0,0,0,0,0,0,0,0,0,,0.000,0.000,,,1,0,1,2026-05-05 02:00:21,1,2026-05-05 02:00:21,,0.000,0,0,0.000,0,0,0,0,,0,0,0.000,,0
15,281,2026-05-05 00:00:00,25,25,0,0,0,0,0,0,0,0,0,,0.000,0.000,,,1,0,1,2026-05-05 02:00:21,1,2026-05-05 02:00:21,,0.000,0,0,0.000,0,0,0,0,,0,0,0.000,,0
15,282,2026-05-05 00:00:00,38,38,0,0,0,0,0,0,0,0,0,,0.000,0.000,,,1,0,1,2026-05-05 02:00:21,1,2026-05-05 02:00:21,,0.000,0,0,0.000,0,0,0,0,,0,0,0.000,,0
15,287,2026-05-05 00:00:00,10,10,0,0,0,0,0,0,0,0,0,,0.000,0.000,,,1,0,1,2026-05-05 02:00:21,1,2026-05-05 02:00:21,,0.000,0,0,0.000,0,0,0,0,,0,0,0.000,,0
15,290,2026-05-05 00:00:00,4.185,4.185,0,0,0,0,0,0,0,0,0,,0.000,0.000,,,1,0,1,2026-05-05 02:00:21,1,2026-05-05 02:00:21,,0.000,0,0,0.000,0,0,0,0,,0,0,0.000,,0
15,294,2026-05-05 00:00:00,12,12,0,0,0,0,0,0,0,0,0,,0.000,0.000,,,1,0,1,2026-05-05 02:00:21,1,2026-05-05 02:00:21,,0.000,0,0,0.000,0,0,0,0,,0,0,0.000,,0
15,303,2026-05-05 00:00:00,2,2,0,0,0,0,0,0,0,0,0,,0.000,0.000,,,1,0,1,2026-05-05 02:00:21,1,2026-05-05 02:00:21,,0.000,0,0,0.000,0,0,0,0,,0,0,0.000,,0
15,307,2026-05-05 00:00:00,96,96,0,0,0,0,0,0,0,0,0,,0.000,0.000,,,1,0,1,2026-05-05 02:00:21,1,2026-05-05 02:00:21,,0.000,0,0,0.000,0,0,0,0,,0,0,0.000,,0
15,314,2026-05-05 00:00:00,500,500,0,0,0,0,0,0,0,0,0,,0.000,0.000,,,1,0,1,2026-05-05 02:00:21,1,2026-05-05 02:00:21,,0.000,0,0,0.000,0,0,0,0,,0,0,0.000,,0
15,319,2026-05-05 00:00:00,27,27,0,0,0,0,0,0,0,0,0,,0.000,0.000,,,1,0,1,2026-05-05 02:00:21,1,2026-05-05 02:00:21,,0.000,0,0,0.000,0,0,0,0,,0,0,0.000,,0
15,316,2026-05-05 00:00:00,316,316,0,0,0,0,0,0,0,0,0,,0.000,0.000,,,1,0,1,2026-05-05 02:00:21,1,2026-05-05 02:00:21,,0.000,0,0,0.000,0,0,0,0,,0,0,0.000,,0
15,317,2026-05-05 00:00:00,76,76,0,0,0,0,0,0,0,0,0,,0.000,0.000,,,1,0,1,2026-05-05 02:00:21,1,2026-05-05 02:00:21,,0.000,0,0,0.000,0,0,0,0,,0,0,0.000,,0
15,318,2026-05-05 00:00:00,916,916,0,0,0,0,0,0,0,0,0,,0.000,0.000,,,1,0,1,2026-05-05 02:00:21,1,2026-05-05 02:00:21,,0.000,0,0,0.000,0,0,0,0,,0,0,0.000,,0
15,325,2026-05-05 00:00:00,12,12,0,0,0,0,0,0,0,0,0,,0.000,0.000,,,1,0,1,2026-05-05 02:00:21,1,2026-05-05 02:00:21,,0.000,0,0,0.000,0,0,0,0,,0,0,0.000,,0
15,326,2026-05-05 00:00:00,2,2,0,0,0,0,0,0,0,0,0,,0.000,0.000,,,1,0,1,2026-05-05 02:00:21,1,2026-05-05 02:00:21,,0.000,0,0,0.000,0,0,0,0,,0,0,0.000,,0
15,328,2026-05-05 00:00:00,500,500,0,0,0,0,0,0,0,0,0,,0.000,0.000,,,1,0,1,2026-05-05 02:00:21,1,2026-05-05 02:00:21,,0.000,0,0,0.000,0,0,0,0,,0,0,0.000,,0
15,332,2026-05-05 00:00:00,6.778,6.778,0,0,0,0,0,0,0,0,0,,0.000,0.000,,,1,0,1,2026-05-05 02:00:21,1,2026-05-05 02:00:21,,0.000,0,0,0.000,0,0,0,0,,0,0,0.000,,0
15,335,2026-05-05 00:00:00,719,719,0,0,0,0,0,0,0,0,0,,0.000,0.000,,,1,0,1,2026-05-05 02:00:21,1,2026-05-05 02:00:21,,0.000,0,0,0.000,0,0,0,0,,0,0,0.000,,0
15,336,2026-05-05 00:00:00,19,19,0,0,0,0,0,0,0,0,0,,0.000,0.000,,,1,0,1,2026-05-05 02:00:21,1,2026-05-05 02:00:21,,0.000,0,0,0.000,0,0,0,0,,0,0,0.000,,0
15,337,2026-05-05 00:00:00,1000,1000,0,0,0,0,0,0,0,0,0,,0.000,0.000,,,1,0,1,2026-05-05 02:00:21,1,2026-05-05 02:00:21,,0.000,0,0,0.000,0,0,0,0,,0,0,0.000,,0
15,338,2026-05-05 00:00:00,154,154,0,0,0,0,0,0,0,0,0,,0.000,0.000,,,1,0,1,2026-05-05 02:00:21,1,2026-05-05 02:00:21,,0.000,0,0,0.000,0,0,0,0,,0,0,0.000,,0
15,346,2026-05-05 00:00:00,7,7,0,0,0,0,0,0,0,0,0,,0.000,0.000,,,1,0,1,2026-05-05 02:00:21,1,2026-05-05 02:00:21,,0.000,0,0,0.000,0,0,0,0,,0,0,0.000,,0
15,355,2026-05-05 00:00:00,4.3,4.3,0,0,0,0,0,0,0,0,0,,0.000,0.000,,,1,0,1,2026-05-05 02:00:21,1,2026-05-05 02:00:21,,0.000,0,0,0.000,0,0,0,0,,0,0,0.000,,0
15,356,2026-05-05 00:00:00,13,13,0,0,0,0,0,0,0,0,0,,0.000,0.000,,,1,0,1,2026-05-05 02:00:21,1,2026-05-05 02:00:21,,0.000,0,0,0.000,0,0,0,0,,0,0,0.000,,0
15,357,2026-05-05 00:00:00,20,20,0,0,0,0,0,0,0,0,0,,0.000,0.000,,,1,0,1,2026-05-05 02:00:21,1,2026-05-05 02:00:21,,0.000,0,0,0.000,0,0,0,0,,0,0,0.000,,0
15,358,2026-05-05 00:00:00,9.236,9.236,0,0,0,0,0,0,0,0,0,,0.000,0.000,,,1,0,1,2026-05-05 02:00:21,1,2026-05-05 02:00:21,,0.000,0,0,0.000,0,0,0,0,,0,0,0.000,,0
15,359,2026-05-05 00:00:00,1,1,0,0,0,0,0,0,0,0,0,,0.000,0.000,,,1,0,1,2026-05-05 02:00:21,1,2026-05-05 02:00:21,,0.000,0,0,0.000,0,0,0,0,,0,0,0.000,,0
15,361,2026-05-05 00:00:00,141,141,0,0,0,0,0,0,0,0,0,,0.000,0.000,,,1,0,1,2026-05-05 02:00:21,1,2026-05-05 02:00:21,,0.000,0,0,0.000,0,0,0,0,,0,0,0.000,,0
15,362,2026-05-05 00:00:00,17,17,0,0,0,0,0,0,0,0,0,,0.000,0.000,,,1,0,1,2026-05-05 02:00:21,1,2026-05-05 02:00:21,,0.000,0,0,0.000,0,0,0,0,,0,0,0.000,,0
15,363,2026-05-05 00:00:00,10,10,0,0,0,0,0,0,0,0,0,,0.000,0.000,,,1,0,1,2026-05-05 02:00:21,1,2026-05-05 02:00:21,,0.000,0,0,0.000,0,0,0,0,,0,0,0.000,,0
15,364,2026-05-05 00:00:00,352,352,0,0,0,0,0,0,0,0,0,,0.000,0.000,,,1,0,1,2026-05-05 02:00:21,1,2026-05-05 02:00:21,,0.000,0,0,0.000,0,0,0,0,,0,0,0.000,,0
15,373,2026-05-05 00:00:00,24,24,0,0,0,0,0,0,0,0,0,,0.000,0.000,,,1,0,1,2026-05-05 02:00:21,1,2026-05-05 02:00:21,,0.000,0,0,0.000,0,0,0,0,,0,0,0.000,,0
15,388,2026-05-05 00:00:00,2.6925,2.6925,0,0,0,0,0,0,0,0,0,,0.000,0.000,,,1,0,1,2026-05-05 02:00:21,1,2026-05-05 02:00:21,,0.000,0,0,0.000,0,0,0,0,,0,0,0.000,,0
15,390,2026-05-05 00:00:00,57,57,0,0,0,0,0,0,0,0,0,,0.000,0.000,,,1,0,1,2026-05-05 02:00:21,1,2026-05-05 02:00:21,,0.000,0,0,0.000,0,0,0,0,,0,0,0.000,,0
15,391,2026-05-05 00:00:00,1,1,0,0,0,0,0,0,0,0,0,,0.000,0.000,,,1,0,1,2026-05-05 02:00:21,1,2026-05-05 02:00:21,,0.000,0,0,0.000,0,0,0,0,,0,0,0.000,,0
15,393,2026-05-05 00:00:00,2500,2500,0,0,0,0,0,0,0,0,0,,0.000,0.000,,,1,0,1,2026-05-05 02:00:21,1,2026-05-05 02:00:21,,0.000,0,0,0.000,0,0,0,0,,0,0,0.000,,0
15,394,2026-05-05 00:00:00,31,31,0,0,0,0,0,0,0,0,0,,0.000,0.000,,,1,0,1,2026-05-05 02:00:21,1,2026-05-05 02:00:21,,0.000,0,0,0.000,0,0,0,0,,0,0,0.000,,0
15,405,2026-05-05 00:00:00,0,0,0,0,0,0,0,0,0,0,0,,0.000,0.000,,,1,0,1,2026-05-05 02:00:21,1,2026-05-05 02:00:21,,0.000,0,0,0.000,0,0,0,0,,0,0,0.000,,0
15,412,2026-05-05 00:00:00,3500,3500,0,0,0,0,0,0,0,0,0,,0.000,0.000,,,1,0,1,2026-05-05 02:00:21,1,2026-05-05 02:00:21,,0.000,0,0,0.000,0,0,0,0,,0,0,0.000,,0
15,415,2026-05-05 00:00:00,2,2,0,0,0,0,0,0,0,0,0,,0.000,0.000,,,1,0,1,2026-05-05 02:00:21,1,2026-05-05 02:00:21,,0.000,0,0,0.000,0,0,0,0,,0,0,0.000,,0
15,416,2026-05-05 00:00:00,300,300,0,0,0,0,0,0,0,0,0,,0.000,0.000,,,1,0,1,2026-05-05 02:00:21,1,2026-05-05 02:00:21,,0.000,0,0,0.000,0,0,0,0,,0,0,0.000,,0
15,419,2026-05-05 00:00:00,44,44,0,0,0,0,0,0,0,0,0,,0.000,0.000,,,1,0,1,2026-05-05 02:00:21,1,2026-05-05 02:00:21,,0.000,0,0,0.000,0,0,0,0,,0,0,0.000,,0
15,420,2026-05-05 00:00:00,20,20,0,0,0,0,0,0,0,0,0,,0.000,0.000,,,1,0,1,2026-05-05 02:00:21,1,2026-05-05 02:00:21,,0.000,0,0,0.000,0,0,0,0,,0,0,0.000,,0
15,424,2026-05-05 00:00:00,59,59,0,0,0,0,0,0,0,0,0,,0.000,0.000,,,1,0,1,2026-05-05 02:00:21,1,2026-05-05 02:00:21,,0.000,0,0,0.000,0,0,0,0,,0,0,0.000,,0
15,429,2026-05-05 00:00:00,111,111,0,0,0,0,0,0,0,0,0,,0.000,0.000,,,1,0,1,2026-05-05 02:00:21,1,2026-05-05 02:00:21,,0.000,0,0,0.000,0,0,0,0,,0,0,0.000,,0
15,432,2026-05-05 00:00:00,27,27,0,0,0,0,0,0,0,0,0,,0.000,0.000,,,1,0,1,2026-05-05 02:00:21,1,2026-05-05 02:00:21,,0.000,0,0,0.000,0,0,0,0,,0,0,0.000,,0
15,435,2026-05-05 00:00:00,17640.998,17640.998,0,0,0,0,0,0,0,0,0,,0.000,0.000,,,1,0,1,2026-05-05 02:00:21,1,2026-05-05 02:00:21,,0.000,0,0,0.000,0,0,0,0,,0,0,0.000,,0
15,437,2026-05-05 00:00:00,3.37,3.37,0,0,0,0,0,0,0,0,0,,0.000,0.000,,,1,0,1,2026-05-05 02:00:21,1,2026-05-05 02:00:21,,0.000,0,0,0.000,0,0,0,0,,0,0,0.000,,0
15,442,2026-05-05 00:00:00,4.3,4.3,0,0,0,0,0,0,0,0,0,,0.000,0.000,,,1,0,1,2026-05-05 02:00:21,1,2026-05-05 02:00:21,,0.000,0,0,0.000,0,0,0,0,,0,0,0.000,,0
15,443,2026-05-05 00:00:00,50,50,0,0,0,0,0,0,0,0,0,,0.000,0.000,,,1,0,1,2026-05-05 02:00:21,1,2026-05-05 02:00:21,,0.000,0,0,0.000,0,0,0,0,,0,0,0.000,,0
15,444,2026-05-05 00:00:00,2,2,0,0,0,0,0,0,0,0,0,,0.000,0.000,,,1,0,1,2026-05-05 02:00:21,1,2026-05-05 02:00:21,,0.000,0,0,0.000,0,0,0,0,,0,0,0.000,,0
15,445,2026-05-05 00:00:00,50,50,0,0,0,0,0,0,0,0,0,,0.000,0.000,,,1,0,1,2026-05-05 02:00:21,1,2026-05-05 02:00:21,,0.000,0,0,0.000,0,0,0,0,,0,0,0.000,,0
15,446,2026-05-05 00:00:00,9,9,0,0,0,0,0,0,0,0,0,,0.000,0.000,,,1,0,1,2026-05-05 02:00:21,1,2026-05-05 02:00:21,,0.000,0,0,0.000,0,0,0,0,,0,0,0.000,,0
15,447,2026-05-05 00:00:00,38,38,0,0,0,0,0,0,0,0,0,,0.000,0.000,,,1,0,1,2026-05-05 02:00:21,1,2026-05-05 02:00:21,,0.000,0,0,0.000,0,0,0,0,,0,0,0.000,,0
15,448,2026-05-05 00:00:00,14,14,0,0,0,0,0,0,0,0,0,,0.000,0.000,,,1,0,1,2026-05-05 02:00:21,1,2026-05-05 02:00:21,,0.000,0,0,0.000,0,0,0,0,,0,0,0.000,,0
15,454,2026-05-05 00:00:00,0.65,0.65,0,0,0,0,0,0,0,0,0,,0.000,0.000,,,1,0,1,2026-05-05 02:00:21,1,2026-05-05 02:00:21,,0.000,0,0,0.000,0,0,0,0,,0,0,0.000,,0
15,457,2026-05-05 00:00:00,4434,4434,0,0,0,0,0,0,0,0,0,,0.000,0.000,,,1,0,1,2026-05-05 02:00:21,1,2026-05-05 02:00:21,,0.000,0,0,0.000,0,0,0,0,,0,0,0.000,,0
15,458,2026-05-05 00:00:00,1,1,0,0,0,0,0,0,0,0,0,,0.000,0.000,,,1,0,1,2026-05-05 02:00:21,1,2026-05-05 02:00:21,,0.000,0,0,0.000,0,0,0,0,,0,0,0.000,,0
15,460,2026-05-05 00:00:00,30,30,0,0,0,0,0,0,0,0,0,,0.000,0.000,,,1,0,1,2026-05-05 02:00:21,1,2026-05-05 02:00:21,,0.000,0,0,0.000,0,0,0,0,,0,0,0.000,,0
15,464,2026-05-05 00:00:00,25,25,0,0,0,0,0,0,0,0,0,,0.000,0.000,,,1,0,1,2026-05-05 02:00:21,1,2026-05-05 02:00:21,,0.000,0,0,0.000,0,0,0,0,,0,0,0.000,,0
15,470,2026-05-05 00:00:00,4100,4100,0,0,0,0,0,0,0,0,0,,0.000,0.000,,,1,0,1,2026-05-05 02:00:21,1,2026-05-05 02:00:21,,0.000,0,0,0.000,0,0,0,0,,0,0,0.000,,0
15,471,2026-05-05 00:00:00,7.94,7.94,0,0,0,0,0,0,0,0,0,,0.000,0.000,,,1,0,1,2026-05-05 02:00:21,1,2026-05-05 02:00:21,,0.000,0,0,0.000,0,0,0,0,,0,0,0.000,,0
15,472,2026-05-05 00:00:00,2.69,2.69,0,0,0,0,0,0,0,0,0,,0.000,0.000,,,1,0,1,2026-05-05 02:00:21,1,2026-05-05 02:00:21,,0.000,0,0,0.000,0,0,0,0,,0,0,0.000,,0
15,477,2026-05-05 00:00:00,50,50,0,0,0,0,0,0,0,0,0,,0.000,0.000,,,1,0,1,2026-05-05 02:00:21,1,2026-05-05 02:00:21,,0.000,0,0,0.000,0,0,0,0,,0,0,0.000,,0
15,478,2026-05-05 00:00:00,4,4,0,0,0,0,0,0,0,0,0,,0.000,0.000,,,1,0,1,2026-05-05 02:00:21,1,2026-05-05 02:00:21,,0.000,0,0,0.000,0,0,0,0,,0,0,0.000,,0
15,479,2026-05-05 00:00:00,0.97,0.97,0,0,0,0,0,0,0,0,0,,0.000,0.000,,,1,0,1,2026-05-05 02:00:21,1,2026-05-05 02:00:21,,0.000,0,0,0.000,0,0,0,0,,0,0,0.000,,0
15,480,2026-05-05 00:00:00,100,100,0,0,0,0,0,0,0,0,0,,0.000,0.000,,,1,0,1,2026-05-05 02:00:21,1,2026-05-05 02:00:21,,0.000,0,0,0.000,0,0,0,0,,0,0,0.000,,0
15,481,2026-05-05 00:00:00,150,150,0,0,0,0,0,0,0,0,0,,0.000,0.000,,,1,0,1,2026-05-05 02:00:21,1,2026-05-05 02:00:21,,0.000,0,0,0.000,0,0,0,0,,0,0,0.000,,0
15,482,2026-05-05 00:00:00,300,300,0,0,0,0,0,0,0,0,0,,0.000,0.000,,,1,0,1,2026-05-05 02:00:21,1,2026-05-05 02:00:21,,0.000,0,0,0.000,0,0,0,0,,0,0,0.000,,0
15,488,2026-05-05 00:00:00,50,50,0,0,0,0,0,0,0,0,0,,0.000,0.000,,,1,0,1,2026-05-05 02:00:21,1,2026-05-05 02:00:21,,0.000,0,0,0.000,0,0,0,0,,0,0,0.000,,0
15,489,2026-05-05 00:00:00,50,50,0,0,0,0,0,0,0,0,0,,0.000,0.000,,,1,0,1,2026-05-05 02:00:21,1,2026-05-05 02:00:21,,0.000,0,0,0.000,0,0,0,0,,0,0,0.000,,0
15,490,2026-05-05 00:00:00,50,50,0,0,0,0,0,0,0,0,0,,0.000,0.000,,,1,0,1,2026-05-05 02:00:21,1,2026-05-05 02:00:21,,0.000,0,0,0.000,0,0,0,0,,0,0,0.000,,0
15,491,2026-05-05 00:00:00,0,0,0,0,0,0,0,0,0,0,0,,0.000,0.000,,,1,0,1,2026-05-05 02:00:21,1,2026-05-05 02:00:21,,0.000,0,0,0.000,0,0,0,0,,0,0,0.000,,0
15,499,2026-05-05 00:00:00,1,1,0,0,0,0,0,0,0,0,0,,0.000,0.000,,,1,0,1,2026-05-05 02:00:21,1,2026-05-05 02:00:21,,0.000,0,0,0.000,0,0,0,0,,0,0,0.000,,0
15,502,2026-05-05 00:00:00,800,800,0,0,0,0,0,0,0,0,0,,0.000,0.000,,,1,0,1,2026-05-05 02:00:21,1,2026-05-05 02:00:21,,0.000,0,0,0.000,0,0,0,0,,0,0,0.000,,0
15,510,2026-05-05 00:00:00,1,1,0,0,0,0,0,0,0,0,0,,0.000,0.000,,,1,0,1,2026-05-05 02:00:21,1,2026-05-05 02:00:21,,0.000,0,0,0.000,0,0,0,0,,0,0,0.000,,0
15,511,2026-05-05 00:00:00,24,24,0,0,0,0,0,0,0,0,0,,0.000,0.000,,,1,0,1,2026-05-05 02:00:21,1,2026-05-05 02:00:21,,0.000,0,0,0.000,0,0,0,0,,0,0,0.000,,0
15,512,2026-05-05 00:00:00,1,1,0,0,0,0,0,0,0,0,0,,0.000,0.000,,,1,0,1,2026-05-05 02:00:21,1,2026-05-05 02:00:21,,0.000,0,0,0.000,0,0,0,0,,0,0,0.000,,0
15,513,2026-05-05 00:00:00,1,1,0,0,0,0,0,0,0,0,0,,0.000,0.000,,,1,0,1,2026-05-05 02:00:21,1,2026-05-05 02:00:21,,0.000,0,0,0.000,0,0,0,0,,0,0,0.000,,0
15,514,2026-05-05 00:00:00,13,13,0,0,0,0,0,0,0,0,0,,0.000,0.000,,,1,0,1,2026-05-05 02:00:21,1,2026-05-05 02:00:21,,0.000,0,0,0.000,0,0,0,0,,0,0,0.000,,0
15,516,2026-05-05 00:00:00,13,13,0,0,0,0,0,0,0,0,0,,0.000,0.000,,,1,0,1,2026-05-05 02:00:21,1,2026-05-05 02:00:21,,0.000,0,0,0.000,0,0,0,0,,0,0,0.000,,0
15,518,2026-05-05 00:00:00,112,112,0,0,0,0,0,0,0,0,0,,0.000,0.000,,,1,0,1,2026-05-05 02:00:21,1,2026-05-05 02:00:21,,0.000,0,0,0.000,0,0,0,0,,0,0,0.000,,0
15,519,2026-05-05 00:00:00,84,84,0,0,0,0,0,0,0,0,0,,0.000,0.000,,,1,0,1,2026-05-05 02:00:21,1,2026-05-05 02:00:21,,0.000,0,0,0.000,0,0,0,0,,0,0,0.000,,0
15,520,2026-05-05 00:00:00,112,112,0,0,0,0,0,0,0,0,0,,0.000,0.000,,,1,0,1,2026-05-05 02:00:21,1,2026-05-05 02:00:21,,0.000,0,0,0.000,0,0,0,0,,0,0,0.000,,0
15,524,2026-05-05 00:00:00,1,1,0,0,0,0,0,0,0,0,0,,0.000,0.000,,,1,0,1,2026-05-05 02:00:21,1,2026-05-05 02:00:21,,0.000,0,0,0.000,0,0,0,0,,0,0,0.000,,0
15,525,2026-05-05 00:00:00,2,2,0,0,0,0,0,0,0,0,0,,0.000,0.000,,,1,0,1,2026-05-05 02:00:21,1,2026-05-05 02:00:21,,0.000,0,0,0.000,0,0,0,0,,0,0,0.000,,0
15,534,2026-05-05 00:00:00,168,168,0,0,0,0,0,0,0,0,0,,0.000,0.000,,,1,0,1,2026-05-05 02:00:21,1,2026-05-05 02:00:21,,0.000,0,0,0.000,0,0,0,0,,0,0,0.000,,0
15,535,2026-05-05 00:00:00,336,336,0,0,0,0,0,0,0,0,0,,0.000,0.000,,,1,0,1,2026-05-05 02:00:21,1,2026-05-05 02:00:21,,0.000,0,0,0.000,0,0,0,0,,0,0,0.000,,0
15,554,2026-05-05 00:00:00,794,794,0,0,0,0,0,0,0,0,0,,0.000,0.000,,,1,0,1,2026-05-05 02:00:21,1,2026-05-05 02:00:21,,0.000,0,0,0.000,0,0,0,0,,0,0,0.000,,0
15,555,2026-05-05 00:00:00,596,596,0,0,0,0,0,0,0,0,0,,0.000,0.000,,,1,0,1,2026-05-05 02:00:21,1,2026-05-05 02:00:21,,0.000,0,0,0.000,0,0,0,0,,0,0,0.000,,0
15,556,2026-05-05 00:00:00,794,794,0,0,0,0,0,0,0,0,0,,0.000,0.000,,,1,0,1,2026-05-05 02:00:21,1,2026-05-05 02:00:21,,0.000,0,0,0.000,0,0,0,0,,0,0,0.000,,0
15,564,2026-05-05 00:00:00,24,24,0,0,0,0,0,0,0,0,0,,0.000,0.000,,,1,0,1,2026-05-05 02:00:21,1,2026-05-05 02:00:21,,0.000,0,0,0.000,0,0,0,0,,0,0,0.000,,0
15,566,2026-05-05 00:00:00,22,22,0,0,0,0,0,0,0,0,0,,0.000,0.000,,,1,0,1,2026-05-05 02:00:21,1,2026-05-05 02:00:21,,0.000,0,0,0.000,0,0,0,0,,0,0,0.000,,0
15,572,2026-05-05 00:00:00,15,15,0,0,0,0,0,0,0,0,0,,0.000,0.000,,,1,0,1,2026-05-05 02:00:21,1,2026-05-05 02:00:21,,0.000,0,0,0.000,0,0,0,0,,0,0,0.000,,0
15,573,2026-05-05 00:00:00,4,4,0,0,0,0,0,0,0,0,0,,0.000,0.000,,,1,0,1,2026-05-05 02:00:21,1,2026-05-05 02:00:21,,0.000,0,0,0.000,0,0,0,0,,0,0,0.000,,0
15,574,2026-05-05 00:00:00,15,15,0,0,0,0,0,0,0,0,0,,0.000,0.000,,,1,0,1,2026-05-05 02:00:21,1,2026-05-05 02:00:21,,0.000,0,0,0.000,0,0,0,0,,0,0,0.000,,0
15,575,2026-05-05 00:00:00,15,15,0,0,0,0,0,0,0,0,0,,0.000,0.000,,,1,0,1,2026-05-05 02:00:21,1,2026-05-05 02:00:21,,0.000,0,0,0.000,0,0,0,0,,0,0,0.000,,0
15,578,2026-05-05 00:00:00,43,43,0,0,0,0,0,0,0,0,0,,0.000,0.000,,,1,0,1,2026-05-05 02:00:21,1,2026-05-05 02:00:21,,0.000,0,0,0.000,0,0,0,0,,0,0,0.000,,0
15,581,2026-05-05 00:00:00,1,1,0,0,0,0,0,0,0,0,0,,0.000,0.000,,,1,0,1,2026-05-05 02:00:21,1,2026-05-05 02:00:21,,0.000,0,0,0.000,0,0,0,0,,0,0,0.000,,0
15,582,2026-05-05 00:00:00,1,1,0,0,0,0,0,0,0,0,0,,0.000,0.000,,,1,0,1,2026-05-05 02:00:21,1,2026-05-05 02:00:21,,0.000,0,0,0.000,0,0,0,0,,0,0,0.000,,0
15,583,2026-05-05 00:00:00,58,58,0,0,0,0,0,0,0,0,0,,0.000,0.000,,,1,0,1,2026-05-05 02:00:21,1,2026-05-05 02:00:21,,0.000,0,0,0.000,0,0,0,0,,0,0,0.000,,0
15,584,2026-05-05 00:00:00,4,4,0,0,0,0,0,0,0,0,0,,0.000,0.000,,,1,0,1,2026-05-05 02:00:21,1,2026-05-05 02:00:21,,0.000,0,0,0.000,0,0,0,0,,0,0,0.000,,0
15,593,2026-05-05 00:00:00,0,0,0,0,0,0,0,0,0,0,0,,0.000,0.000,,,1,0,1,2026-05-05 02:00:21,1,2026-05-05 02:00:21,,0.000,0,0,0.000,0,0,0,0,,0,0,0.000,,0
15,608,2026-05-05 00:00:00,25,25,0,0,0,0,0,0,0,0,0,,0.000,0.000,,,1,0,1,2026-05-05 02:00:21,1,2026-05-05 02:00:21,,0.000,0,0,0.000,0,0,0,0,,0,0,0.000,,0
15,609,2026-05-05 00:00:00,40,40,0,0,0,0,0,0,0,0,0,,0.000,0.000,,,1,0,1,2026-05-05 02:00:21,1,2026-05-05 02:00:21,,0.000,0,0,0.000,0,0,0,0,,0,0,0.000,,0
15,610,2026-05-05 00:00:00,15,15,0,0,0,0,0,0,0,0,0,,0.000,0.000,,,1,0,1,2026-05-05 02:00:21,1,2026-05-05 02:00:21,,0.000,0,0,0.000,0,0,0,0,,0,0,0.000,,0
15,611,2026-05-05 00:00:00,21,21,0,0,0,0,0,0,0,0,0,,0.000,0.000,,,1,0,1,2026-05-05 02:00:21,1,2026-05-05 02:00:21,,0.000,0,0,0.000,0,0,0,0,,0,0,0.000,,0
15,613,2026-05-05 00:00:00,10,10,0,0,0,0,0,0,0,0,0,,0.000,0.000,,,1,0,1,2026-05-05 02:00:21,1,2026-05-05 02:00:21,,0.000,0,0,0.000,0,0,0,0,,0,0,0.000,,0
15,615,2026-05-05 00:00:00,3,3,0,0,0,0,0,0,0,0,0,,0.000,0.000,,,1,0,1,2026-05-05 02:00:21,1,2026-05-05 02:00:21,,0.000,0,0,0.000,0,0,0,0,,0,0,0.000,,0
15,624,2026-05-05 00:00:00,11,11,0,0,0,0,0,0,0,0,0,,0.000,0.000,,,1,0,1,2026-05-05 02:00:21,1,2026-05-05 02:00:21,,0.000,0,0,0.000,0,0,0,0,,0,0,0.000,,0
15,625,2026-05-05 00:00:00,4,4,0,0,0,0,0,0,0,0,0,,0.000,0.000,,,1,0,1,2026-05-05 02:00:21,1,2026-05-05 02:00:21,,0.000,0,0,0.000,0,0,0,0,,0,0,0.000,,0
15,626,2026-05-05 00:00:00,26,26,0,0,0,0,0,0,0,0,0,,0.000,0.000,,,1,0,1,2026-05-05 02:00:21,1,2026-05-05 02:00:21,,0.000,0,0,0.000,0,0,0,0,,0,0,0.000,,0
15,627,2026-05-05 00:00:00,170,170,0,0,0,0,0,0,0,0,0,,0.000,0.000,,,1,0,1,2026-05-05 02:00:21,1,2026-05-05 02:00:21,,0.000,0,0,0.000,0,0,0,0,,0,0,0.000,,0
15,632,2026-05-05 00:00:00,6,6,0,0,0,0,0,0,0,0,0,,0.000,0.000,,,1,0,1,2026-05-05 02:00:21,1,2026-05-05 02:00:21,,0.000,0,0,0.000,0,0,0,0,,0,0,0.000,,0
15,634,2026-05-05 00:00:00,23,23,0,0,0,0,0,0,0,0,0,,0.000,0.000,,,1,0,1,2026-05-05 02:00:21,1,2026-05-05 02:00:21,,0.000,0,0,0.000,0,0,0,0,,0,0,0.000,,0
15,636,2026-05-05 00:00:00,50,50,0,0,0,0,0,0,0,0,0,,0.000,0.000,,,1,0,1,2026-05-05 02:00:21,1,2026-05-05 02:00:21,,0.000,0,0,0.000,0,0,0,0,,0,0,0.000,,0
15,637,2026-05-05 00:00:00,21,21,0,0,0,0,0,0,0,0,0,,0.000,0.000,,,1,0,1,2026-05-05 02:00:21,1,2026-05-05 02:00:21,,0.000,0,0,0.000,0,0,0,0,,0,0,0.000,,0
15,638,2026-05-05 00:00:00,16,16,0,0,0,0,0,0,0,0,0,,0.000,0.000,,,1,0,1,2026-05-05 02:00:21,1,2026-05-05 02:00:21,,0.000,0,0,0.000,0,0,0,0,,0,0,0.000,,0
15,642,2026-05-05 00:00:00,14,14,0,0,0,0,0,0,0,0,0,,0.000,0.000,,,1,0,1,2026-05-05 02:00:21,1,2026-05-05 02:00:21,,0.000,0,0,0.000,0,0,0,0,,0,0,0.000,,0
15,643,2026-05-05 00:00:00,24,24,0,0,0,0,0,0,0,0,0,,0.000,0.000,,,1,0,1,2026-05-05 02:00:21,1,2026-05-05 02:00:21,,0.000,0,0,0.000,0,0,0,0,,0,0,0.000,,0
15,644,2026-05-05 00:00:00,29,29,0,0,0,0,0,0,0,0,0,,0.000,0.000,,,1,0,1,2026-05-05 02:00:21,1,2026-05-05 02:00:21,,0.000,0,0,0.000,0,0,0,0,,0,0,0.000,,0
15,646,2026-05-05 00:00:00,7,7,0,0,0,0,0,0,0,0,0,,0.000,0.000,,,1,0,1,2026-05-05 02:00:21,1,2026-05-05 02:00:21,,0.000,0,0,0.000,0,0,0,0,,0,0,0.000,,0
15,649,2026-05-05 00:00:00,8,8,0,0,0,0,0,0,0,0,0,,0.000,0.000,,,1,0,1,2026-05-05 02:00:21,1,2026-05-05 02:00:21,,0.000,0,0,0.000,0,0,0,0,,0,0,0.000,,0
15,650,2026-05-05 00:00:00,10,10,0,0,0,0,0,0,0,0,0,,0.000,0.000,,,1,0,1,2026-05-05 02:00:21,1,2026-05-05 02:00:21,,0.000,0,0,0.000,0,0,0,0,,0,0,0.000,,0
15,651,2026-05-05 00:00:00,9,9,0,0,0,0,0,0,0,0,0,,0.000,0.000,,,1,0,1,2026-05-05 02:00:21,1,2026-05-05 02:00:21,,0.000,0,0,0.000,0,0,0,0,,0,0,0.000,,0
15,653,2026-05-05 00:00:00,17,17,0,0,0,0,0,0,0,0,0,,0.000,0.000,,,1,0,1,2026-05-05 02:00:21,1,2026-05-05 02:00:21,,0.000,0,0,0.000,0,0,0,0,,0,0,0.000,,0
15,654,2026-05-05 00:00:00,14,14,0,0,0,0,0,0,0,0,0,,0.000,0.000,,,1,0,1,2026-05-05 02:00:21,1,2026-05-05 02:00:21,,0.000,0,0,0.000,0,0,0,0,,0,0,0.000,,0
15,655,2026-05-05 00:00:00,4,4,0,0,0,0,0,0,0,0,0,,0.000,0.000,,,1,0,1,2026-05-05 02:00:21,1,2026-05-05 02:00:21,,0.000,0,0,0.000,0,0,0,0,,0,0,0.000,,0
15,657,2026-05-05 00:00:00,14,14,0,0,0,0,0,0,0,0,0,,0.000,0.000,,,1,0,1,2026-05-05 02:00:21,1,2026-05-05 02:00:21,,0.000,0,0,0.000,0,0,0,0,,0,0,0.000,,0
15,658,2026-05-05 00:00:00,20,20,0,0,0,0,0,0,0,0,0,,0.000,0.000,,,1,0,1,2026-05-05 02:00:21,1,2026-05-05 02:00:21,,0.000,0,0,0.000,0,0,0,0,,0,0,0.000,,0
15,660,2026-05-05 00:00:00,36,36,0,0,0,0,0,0,0,0,0,,0.000,0.000,,,1,0,1,2026-05-05 02:00:21,1,2026-05-05 02:00:21,,0.000,0,0,0.000,0,0,0,0,,0,0,0.000,,0
15,661,2026-05-05 00:00:00,9,9,0,0,0,0,0,0,0,0,0,,0.000,0.000,,,1,0,1,2026-05-05 02:00:21,1,2026-05-05 02:00:21,,0.000,0,0,0.000,0,0,0,0,,0,0,0.000,,0
15,662,2026-05-05 00:00:00,8,8,0,0,0,0,0,0,0,0,0,,0.000,0.000,,,1,0,1,2026-05-05 02:00:21,1,2026-05-05 02:00:21,,0.000,0,0,0.000,0,0,0,0,,0,0,0.000,,0
15,663,2026-05-05 00:00:00,26,26,0,0,0,0,0,0,0,0,0,,0.000,0.000,,,1,0,1,2026-05-05 02:00:21,1,2026-05-05 02:00:21,,0.000,0,0,0.000,0,0,0,0,,0,0,0.000,,0
15,665,2026-05-05 00:00:00,12,12,0,0,0,0,0,0,0,0,0,,0.000,0.000,,,1,0,1,2026-05-05 02:00:21,1,2026-05-05 02:00:21,,0.000,0,0,0.000,0,0,0,0,,0,0,0.000,,0
15,668,2026-05-05 00:00:00,12,12,0,0,0,0,0,0,0,0,0,,0.000,0.000,,,1,0,1,2026-05-05 02:00:21,1,2026-05-05 02:00:21,,0.000,0,0,0.000,0,0,0,0,,0,0,0.000,,0
15,669,2026-05-05 00:00:00,1,1,0,0,0,0,0,0,0,0,0,,0.000,0.000,,,1,0,1,2026-05-05 02:00:21,1,2026-05-05 02:00:21,,0.000,0,0,0.000,0,0,0,0,,0,0,0.000,,0
15,670,2026-05-05 00:00:00,13,13,0,0,0,0,0,0,0,0,0,,0.000,0.000,,,1,0,1,2026-05-05 02:00:21,1,2026-05-05 02:00:21,,0.000,0,0,0.000,0,0,0,0,,0,0,0.000,,0
15,675,2026-05-05 00:00:00,6,18,12,0,0,0,0,0,0,0,0,,711.730,711.730,619.165,,0,1,1,2026-05-05 02:00:21,21,2026-05-05 17:44:54,,711.730,0,0,711.730,8540.76201,0,0,0,,1793.5600221,0,0.000,0,0
15,676,2026-05-05 00:00:00,42,161,119,0,0,0,0,0,0,0,161,2026-05-05 00:00:00,1159.830,1159.830,958.537,,0,1,1,2026-05-05 02:00:21,47,2026-05-05 18:11:05,,1159.830,0,0,1159.830,146976.44823,0,0,0,,30865.0541283,0,0.000,,0
15,677,2026-05-05 00:00:00,36,60,24,0,0,0,0,0,0,0,60,2026-05-05 00:00:00,1279.139,1279.139,993.2216666666666667,,0,1,1,2026-05-05 02:00:21,47,2026-05-05 18:11:05,,1279.139,0,0,1279.139,30699.3292,0,0,0,,6446.859132,0,0.000,,0
15,678,2026-05-05 00:00:00,2,2,0,0,0,0,0,0,0,0,2,2026-05-05 00:00:00,0.000,0.000,,,0,0,1,2026-05-05 02:00:21,47,2026-05-05 18:11:05,,0.000,0,0,0.000,0,0,0,0,,0,0,0.000,,0
15,682,2026-05-05 00:00:00,4,4,0,0,0,0,0,0,0,0,4,2026-05-05 00:00:00,0.000,0.000,,,0,0,1,2026-05-05 02:00:21,47,2026-05-05 18:11:05,,0.000,0,0,0.000,0,0,0,0,,0,0,0.000,,0
15,689,2026-05-05 00:00:00,12,13,0,0,0,0,0,0,0,1,13,2026-05-05 00:00:00,0.000,0.000,,,0,0,1,2026-05-05 02:00:21,47,2026-05-05 18:11:05,,0.000,0,0,0.000,0,0,0,0,,0,0,0.000,,0
15,693,2026-05-05 00:00:00,24,24,0,0,0,0,0,0,0,0,0,,0.000,0.000,,,1,0,1,2026-05-05 02:00:21,1,2026-05-05 02:00:21,,0.000,0,0,0.000,0,0,0,0,,0,0,0.000,,0
15,690,2026-05-05 00:00:00,0,24,24,0,0,0,0,0,0,0,24,2026-05-05 00:00:00,2764.254,2764.254,2284.5075,,0,1,1,2026-05-05 02:00:21,47,2026-05-05 18:11:05,,2764.254,0,0,2764.254,69188.3498,0,0,0,,14529.553458,0,0.000,,0
15,691,2026-05-05 00:00:00,21,21,0,0,0,0,0,0,0,0,21,2026-05-05 00:00:00,0.000,0.000,,,0,0,1,2026-05-05 02:00:21,47,2026-05-05 18:11:05,,0.000,0,0,0.000,0,0,0,0,,0,0,0.000,,0
15,692,2026-05-05 00:00:00,18,18,0,0,0,0,0,0,0,0,0,,0.000,0.000,,,1,0,1,2026-05-05 02:00:21,1,2026-05-05 02:00:21,,0.000,0,0,0.000,0,0,0,0,,0,0,0.000,,0
15,694,2026-05-05 00:00:00,10,10,0,0,0,0,0,0,0,0,0,,0.000,0.000,,,1,0,1,2026-05-05 02:00:21,1,2026-05-05 02:00:21,,0.000,0,0,0.000,0,0,0,0,,0,0,0.000,,0
15,697,2026-05-05 00:00:00,80,96,16,0,0,0,0,0,0,0,96,2026-05-05 00:00:00,2942.145,2942.145,2284.5075,,0,1,1,2026-05-05 02:00:21,47,2026-05-05 18:11:05,,2942.145,0,0,2942.145,47074.3172,0,0,0,,9885.606612,0,0.000,,0
15,698,2026-05-05 00:00:00,36,60,24,0,0,0,0,0,0,0,60,2026-05-05 00:00:00,1279.139,1279.139,993.2216666666666667,,0,1,1,2026-05-05 02:00:21,47,2026-05-05 18:11:05,,1279.139,0,0,1279.139,30699.3292,0,0,0,,6446.859132,0,0.000,,0
15,700,2026-05-05 00:00:00,18,138,120,0,0,0,0,0,0,0,138,2026-05-05 00:00:00,1234.469,1234.469,958.5366666666666667,,0,1,1,2026-05-05 02:00:21,47,2026-05-05 18:11:05,,1234.469,0,0,1234.469,148136.278,0,0,0,,31108.61838,0,0.000,,0
15,706,2026-05-05 00:00:00,5,29,24,0,0,0,0,0,0,0,0,,1244.325,1244.325,966.19,,0,1,1,2026-05-05 02:00:21,21,2026-05-05 17:44:54,,1244.325,0,0,1244.325,29863.8116,0,0,0,,6271.400436,0,0.000,0,0
15,707,2026-05-05 00:00:00,30,84,54,0,0,0,0,0,0,0,0,,1169.092,1169.092,966.1916666666666667,,0,1,1,2026-05-05 02:00:21,21,2026-05-05 18:17:37,,1169.092,0,0,1169.092,63130.9635,0,0,0,,13257.502335,0,0.000,0,0
15,708,2026-05-05 00:00:00,0,24,24,0,0,0,0,0,0,0,0,,1169.092,1169.092,966.1916666666666667,,0,1,1,2026-05-05 02:00:21,21,2026-05-05 17:44:54,,1169.092,0,0,1169.092,28058.206,0,0,0,,5892.22326,0,0.000,0,0
15,709,2026-05-05 00:00:00,5,17,12,0,0,0,0,0,0,0,0,,2255.497,2255.497,1751.341666666666667,,0,1,1,2026-05-05 02:00:21,21,2026-05-05 17:44:54,,2255.497,0,0,2255.497,27065.969,0,0,0,,5683.85349,0,0.000,0,0
15,710,2026-05-05 00:00:00,12,36,24,0,0,0,0,0,0,0,0,,1409.172,1409.172,1164.605,,0,1,1,2026-05-05 02:00:21,21,2026-05-05 17:44:54,,1409.172,0,0,1409.172,33820.1292,0,0,0,,7102.227132,0,0.000,0,0
15,712,2026-05-05 00:00:00,2,2,0,0,0,0,0,0,0,0,0,,0.000,0.000,,,1,0,1,2026-05-05 02:00:21,1,2026-05-05 02:00:21,,0.000,0,0,0.000,0,0,0,0,,0,0,0.000,,0
15,716,2026-05-05 00:00:00,15,27,12,0,0,0,0,0,0,0,0,,991.829,991.829,819.6933333333333333,,0,1,1,2026-05-05 02:00:21,21,2026-05-05 17:44:54,,991.829,0,0,991.829,11901.9472,0,0,0,,2499.408912,0,0.000,0,0
15,717,2026-05-05 00:00:00,16,28,12,0,0,0,0,0,0,0,0,,991.829,991.829,819.6933333333333333,,0,1,1,2026-05-05 02:00:21,21,2026-05-05 17:44:54,,991.829,0,0,991.829,11901.9472,0,0,0,,2499.408912,0,0.000,0,0
15,718,2026-05-05 00:00:00,38,38,0,0,0,0,0,0,0,0,0,,0.000,0.000,,,1,0,1,2026-05-05 02:00:21,1,2026-05-05 02:00:21,,0.000,0,0,0.000,0,0,0,0,,0,0,0.000,,0
15,720,2026-05-05 00:00:00,39,39,0,0,0,0,0,0,0,0,0,,0.000,0.000,,,1,0,1,2026-05-05 02:00:21,1,2026-05-05 02:00:21,,0.000,0,0,0.000,0,0,0,0,,0,0,0.000,,0
15,725,2026-05-05 00:00:00,11,23,12,0,0,0,0,0,0,0,0,,1904.925,1904.925,1479.13,,0,1,1,2026-05-05 02:00:21,21,2026-05-05 17:44:54,,1904.925,0,0,1904.925,22859.0956,0,0,0,,4800.410076,0,0.000,0,0
15,728,2026-05-05 00:00:00,6,18,12,0,0,0,0,0,0,0,0,,757.533,757.533,619.165,,0,1,1,2026-05-05 02:00:21,21,2026-05-05 17:44:54,,757.533,0,0,757.533,9090.39401,0,0,0,,1908.9827421,0,0.000,0,0
15,729,2026-05-05 00:00:00,396,395,0,0,-1,0,0,0,0,0,395,2026-05-05 00:00:00,0.000,0.000,,,0,0,1,2026-05-05 02:00:21,47,2026-05-05 18:11:05,,0.000,0,0,0.000,0,0,0,0,,0,0,0.000,,0
15,730,2026-05-05 00:00:00,160,160,0,0,0,0,0,0,0,0,160,2026-05-05 00:00:00,0.000,0.000,,,0,0,1,2026-05-05 02:00:21,47,2026-05-05 18:11:05,,0.000,0,0,0.000,0,0,0,0,,0,0,0.000,,0
15,731,2026-05-05 00:00:00,19,19,0,0,0,0,0,0,0,0,19,2026-05-05 00:00:00,0.000,0.000,,,0,0,1,2026-05-05 02:00:21,47,2026-05-05 18:11:05,,0.000,0,0,0.000,0,0,0,0,,0,0,0.000,,0
15,732,2026-05-05 00:00:00,2,2,0,0,0,0,0,0,0,0,2,2026-05-05 00:00:00,0.000,0.000,,,0,0,1,2026-05-05 02:00:21,47,2026-05-05 18:11:05,,0.000,0,0,0.000,0,0,0,0,,0,0,0.000,,0
15,733,2026-05-05 00:00:00,23,23,0,0,0,0,0,0,0,0,23,2026-05-05 00:00:00,0.000,0.000,,,0,0,1,2026-05-05 02:00:21,47,2026-05-05 18:11:05,,0.000,0,0,0.000,0,0,0,0,,0,0,0.000,,0
15,734,2026-05-05 00:00:00,22,22,0,0,0,0,0,0,0,0,22,2026-05-05 00:00:00,0.000,0.000,,,0,0,1,2026-05-05 02:00:21,47,2026-05-05 18:11:05,,0.000,0,0,0.000,0,0,0,0,,0,0,0.000,,0
15,737,2026-05-05 00:00:00,18,18,0,0,0,0,0,0,0,0,0,,0.000,0.000,,,1,0,1,2026-05-05 02:00:21,1,2026-05-05 02:00:21,,0.000,0,0,0.000,0,0,0,0,,0,0,0.000,,0
15,738,2026-05-05 00:00:00,0,0,0,0,0,0,0,0,0,0,0,,0.000,0.000,,,1,0,1,2026-05-05 02:00:21,1,2026-05-05 02:00:21,,0.000,0,0,0.000,0,0,0,0,,0,0,0.000,,0
15,739,2026-05-05 00:00:00,15,15,0,0,0,0,0,0,0,0,0,,0.000,0.000,,,1,0,1,2026-05-05 02:00:21,1,2026-05-05 02:00:21,,0.000,0,0,0.000,0,0,0,0,,0,0,0.000,,0
15,740,2026-05-05 00:00:00,0,0,0,0,0,0,0,0,0,0,0,,0.000,0.000,,,1,0,1,2026-05-05 02:00:21,1,2026-05-05 02:00:21,,0.000,0,0,0.000,0,0,0,0,,0,0,0.000,,0
15,741,2026-05-05 00:00:00,17,17,0,0,0,0,0,0,0,0,0,,0.000,0.000,,,1,0,1,2026-05-05 02:00:21,1,2026-05-05 02:00:21,,0.000,0,0,0.000,0,0,0,0,,0,0,0.000,,0
15,742,2026-05-05 00:00:00,30,30,0,0,0,0,0,0,0,0,0,,0.000,0.000,,,1,0,1,2026-05-05 02:00:21,1,2026-05-05 02:00:21,,0.000,0,0,0.000,0,0,0,0,,0,0,0.000,,0
15,743,2026-05-05 00:00:00,18,18,0,0,0,0,0,0,0,0,0,,0.000,0.000,,,1,0,1,2026-05-05 02:00:21,1,2026-05-05 02:00:21,,0.000,0,0,0.000,0,0,0,0,,0,0,0.000,,0
15,744,2026-05-05 00:00:00,9,9,0,0,0,0,0,0,0,0,0,,0.000,0.000,,,1,0,1,2026-05-05 02:00:21,1,2026-05-05 02:00:21,,0.000,0,0,0.000,0,0,0,0,,0,0,0.000,,0
15,745,2026-05-05 00:00:00,28,28,0,0,0,0,0,0,0,0,0,,0.000,0.000,,,1,0,1,2026-05-05 02:00:21,1,2026-05-05 02:00:21,,0.000,0,0,0.000,0,0,0,0,,0,0,0.000,,0
15,751,2026-05-05 00:00:00,10,10,0,0,0,0,0,0,0,0,0,,0.000,0.000,,,1,0,1,2026-05-05 02:00:21,1,2026-05-05 02:00:21,,0.000,0,0,0.000,0,0,0,0,,0,0,0.000,,0
15,752,2026-05-05 00:00:00,10,10,0,0,0,0,0,0,0,0,0,,0.000,0.000,,,1,0,1,2026-05-05 02:00:21,1,2026-05-05 02:00:21,,0.000,0,0,0.000,0,0,0,0,,0,0,0.000,,0
15,753,2026-05-05 00:00:00,6,6,0,0,0,0,0,0,0,0,0,,0.000,0.000,,,1,0,1,2026-05-05 02:00:21,1,2026-05-05 02:00:21,,0.000,0,0,0.000,0,0,0,0,,0,0,0.000,,0
15,754,2026-05-05 00:00:00,8,8,0,0,0,0,0,0,0,0,0,,0.000,0.000,,,1,0,1,2026-05-05 02:00:21,1,2026-05-05 02:00:21,,0.000,0,0,0.000,0,0,0,0,,0,0,0.000,,0
15,759,2026-05-05 00:00:00,12,12,0,0,0,0,0,0,0,0,0,,0.000,0.000,,,1,0,1,2026-05-05 02:00:21,1,2026-05-05 02:00:21,,0.000,0,0,0.000,0,0,0,0,,0,0,0.000,,0
15,760,2026-05-05 00:00:00,17,17,0,0,0,0,0,0,0,0,0,,0.000,0.000,,,1,0,1,2026-05-05 02:00:21,1,2026-05-05 02:00:21,,0.000,0,0,0.000,0,0,0,0,,0,0,0.000,,0
15,764,2026-05-05 00:00:00,7,7,0,0,0,0,0,0,0,0,0,,0.000,0.000,,,1,0,1,2026-05-05 02:00:21,1,2026-05-05 02:00:21,,0.000,0,0,0.000,0,0,0,0,,0,0,0.000,,0
15,766,2026-05-05 00:00:00,47,47,0,0,0,0,0,0,0,0,0,,0.000,0.000,,,1,0,1,2026-05-05 02:00:21,1,2026-05-05 02:00:21,,0.000,0,0,0.000,0,0,0,0,,0,0,0.000,,0
15,767,2026-05-05 00:00:00,33,33,0,0,0,0,0,0,0,0,0,,0.000,0.000,,,1,0,1,2026-05-05 02:00:21,1,2026-05-05 02:00:21,,0.000,0,0,0.000,0,0,0,0,,0,0,0.000,,0
15,770,2026-05-05 00:00:00,5,5,0,0,0,0,0,0,0,0,0,,0.000,0.000,,,1,0,1,2026-05-05 02:00:21,1,2026-05-05 02:00:21,,0.000,0,0,0.000,0,0,0,0,,0,0,0.000,,0
15,771,2026-05-05 00:00:00,7,7,0,0,0,0,0,0,0,0,7,2026-05-05 00:00:00,0.000,0.000,,,0,0,1,2026-05-05 02:00:21,47,2026-05-05 18:11:05,,0.000,0,0,0.000,0,0,0,0,,0,0,0.000,,0
15,772,2026-05-05 00:00:00,1,1,0,0,0,0,0,0,0,0,1,2026-05-05 00:00:00,0.000,0.000,,,0,0,1,2026-05-05 02:00:21,47,2026-05-05 18:11:05,,0.000,0,0,0.000,0,0,0,0,,0,0,0.000,,0
15,773,2026-05-05 00:00:00,1,1,0,0,0,0,0,0,0,0,1,2026-05-05 00:00:00,0.000,0.000,,,0,0,1,2026-05-05 02:00:21,47,2026-05-05 18:11:05,,0.000,0,0,0.000,0,0,0,0,,0,0,0.000,,0
15,774,2026-05-05 00:00:00,4,4,0,0,0,0,0,0,0,0,4,2026-05-05 00:00:00,0.000,0.000,,,0,0,1,2026-05-05 02:00:21,47,2026-05-05 18:11:05,,0.000,0,0,0.000,0,0,0,0,,0,0,0.000,,0
15,775,2026-05-05 00:00:00,3,3,0,0,0,0,0,0,0,0,3,2026-05-05 00:00:00,0.000,0.000,,,0,0,1,2026-05-05 02:00:21,47,2026-05-05 18:11:05,,0.000,0,0,0.000,0,0,0,0,,0,0,0.000,,0
15,776,2026-05-05 00:00:00,12,12,0,0,0,0,0,0,0,0,12,2026-05-05 00:00:00,0.000,0.000,,,0,0,1,2026-05-05 02:00:21,47,2026-05-05 18:11:05,,0.000,0,0,0.000,0,0,0,0,,0,0,0.000,,0
15,777,2026-05-05 00:00:00,8,7,0,0,0,0,0,0,0,-1,7,2026-05-05 00:00:00,0.000,0.000,,,0,0,1,2026-05-05 02:00:21,47,2026-05-05 18:11:05,,0.000,0,0,0.000,0,0,0,0,,0,0,0.000,,0
15,778,2026-05-05 00:00:00,4,4,0,0,0,0,0,0,0,0,4,2026-05-05 00:00:00,0.000,0.000,,,0,0,1,2026-05-05 02:00:21,47,2026-05-05 18:11:05,,0.000,0,0,0.000,0,0,0,0,,0,0,0.000,,0
15,779,2026-05-05 00:00:00,9,9,0,0,0,0,0,0,0,0,9,2026-05-05 00:00:00,0.000,0.000,,,0,0,1,2026-05-05 02:00:21,47,2026-05-05 18:11:05,,0.000,0,0,0.000,0,0,0,0,,0,0,0.000,,0
15,780,2026-05-05 00:00:00,6,6,0,0,0,0,0,0,0,0,6,2026-05-05 00:00:00,0.000,0.000,,,0,0,1,2026-05-05 02:00:21,47,2026-05-05 18:11:05,,0.000,0,0,0.000,0,0,0,0,,0,0,0.000,,0
15,781,2026-05-05 00:00:00,30,30,0,0,0,0,0,0,0,0,0,,0.000,0.000,,,1,0,1,2026-05-05 02:00:21,1,2026-05-05 02:00:21,,0.000,0,0,0.000,0,0,0,0,,0,0,0.000,,0
15,782,2026-05-05 00:00:00,12,12,0,0,0,0,0,0,0,0,0,,0.000,0.000,,,1,0,1,2026-05-05 02:00:21,1,2026-05-05 02:00:21,,0.000,0,0,0.000,0,0,0,0,,0,0,0.000,,0
15,783,2026-05-05 00:00:00,6,6,0,0,0,0,0,0,0,0,0,,0.000,0.000,,,1,0,1,2026-05-05 02:00:21,1,2026-05-05 02:00:21,,0.000,0,0,0.000,0,0,0,0,,0,0,0.000,,0
15,784,2026-05-05 00:00:00,7,7,0,0,0,0,0,0,0,0,0,,0.000,0.000,,,1,0,1,2026-05-05 02:00:21,1,2026-05-05 02:00:21,,0.000,0,0,0.000,0,0,0,0,,0,0,0.000,,0
15,785,2026-05-05 00:00:00,7,7,0,0,0,0,0,0,0,0,0,,0.000,0.000,,,1,0,1,2026-05-05 02:00:21,1,2026-05-05 02:00:21,,0.000,0,0,0.000,0,0,0,0,,0,0,0.000,,0
15,788,2026-05-05 00:00:00,11,11,0,0,0,0,0,0,0,0,0,,0.000,0.000,,,1,0,1,2026-05-05 02:00:21,1,2026-05-05 02:00:21,,0.000,0,0,0.000,0,0,0,0,,0,0,0.000,,0
15,790,2026-05-05 00:00:00,17,17,0,0,0,0,0,0,0,0,0,,0.000,0.000,,,1,0,1,2026-05-05 02:00:21,1,2026-05-05 02:00:21,,0.000,0,0,0.000,0,0,0,0,,0,0,0.000,,0
15,801,2026-05-05 00:00:00,6,6,0,0,0,0,0,0,0,0,0,,0.000,0.000,,,1,0,1,2026-05-05 02:00:21,1,2026-05-05 02:00:21,,0.000,0,0,0.000,0,0,0,0,,0,0,0.000,,0
15,803,2026-05-05 00:00:00,18,18,0,0,0,0,0,0,0,0,0,,0.000,0.000,,,1,0,1,2026-05-05 02:00:21,1,2026-05-05 02:00:21,,0.000,0,0,0.000,0,0,0,0,,0,0,0.000,,0
15,804,2026-05-05 00:00:00,11,11,0,0,0,0,0,0,0,0,0,,0.000,0.000,,,1,0,1,2026-05-05 02:00:21,1,2026-05-05 02:00:21,,0.000,0,0,0.000,0,0,0,0,,0,0,0.000,,0
15,823,2026-05-05 00:00:00,16,16,0,0,0,0,0,0,0,0,0,,0.000,0.000,,,1,0,1,2026-05-05 02:00:21,1,2026-05-05 02:00:21,,0.000,0,0,0.000,0,0,0,0,,0,0,0.000,,0
16,729,2026-05-05 00:00:00,0,1,0,1,0,0,0,0,0,0,0,,0.000,0.000,,0,0,1,1,2026-05-05 02:00:21,47,2026-05-05 18:06:14,,0.000,0,0,0.000,0,0,0,0,,0,0,0.000,0,0
15,809,2026-05-05 00:00:00,16,16,0,0,0,0,0,0,0,0,0,,0.000,0.000,,,1,0,1,2026-05-05 02:00:21,1,2026-05-05 02:00:21,,0.000,0,0,0.000,0,0,0,0,,0,0,0.000,,0
15,811,2026-05-05 00:00:00,0,0,0,0,0,0,0,0,0,0,0,,0.000,0.000,,,1,0,1,2026-05-05 02:00:21,1,2026-05-05 02:00:21,,0.000,0,0,0.000,0,0,0,0,,0,0,0.000,,0
15,813,2026-05-05 00:00:00,1,1,0,0,0,0,0,0,0,0,0,,0.000,0.000,,,1,0,1,2026-05-05 02:00:21,1,2026-05-05 02:00:21,,0.000,0,0,0.000,0,0,0,0,,0,0,0.000,,0
15,822,2026-05-05 00:00:00,90,90,0,0,0,0,0,0,0,0,0,,0.000,0.000,,,1,0,1,2026-05-05 02:00:21,1,2026-05-05 02:00:21,,0.000,0,0,0.000,0,0,0,0,,0,0,0.000,,0
15,825,2026-05-05 00:00:00,16,16,0,0,0,0,0,0,0,0,0,,0.000,0.000,,,1,0,1,2026-05-05 02:00:21,1,2026-05-05 02:00:21,,0.000,0,0,0.000,0,0,0,0,,0,0,0.000,,0
15,826,2026-05-05 00:00:00,36,36,0,0,0,0,0,0,0,0,0,,0.000,0.000,,,1,0,1,2026-05-05 02:00:21,1,2026-05-05 02:00:21,,0.000,0,0,0.000,0,0,0,0,,0,0,0.000,,0
15,829,2026-05-05 00:00:00,4,4,0,0,0,0,0,0,0,0,0,,0.000,0.000,,,1,0,1,2026-05-05 02:00:21,1,2026-05-05 02:00:21,,0.000,0,0,0.000,0,0,0,0,,0,0,0.000,,0
15,830,2026-05-05 00:00:00,13,13,0,0,0,0,0,0,0,0,0,,0.000,0.000,,,1,0,1,2026-05-05 02:00:21,1,2026-05-05 02:00:21,,0.000,0,0,0.000,0,0,0,0,,0,0,0.000,,0
15,834,2026-05-05 00:00:00,17,17,0,0,0,0,0,0,0,0,0,,0.000,0.000,,,1,0,1,2026-05-05 02:00:21,1,2026-05-05 02:00:21,,0.000,0,0,0.000,0,0,0,0,,0,0,0.000,,0
15,835,2026-05-05 00:00:00,34,34,0,0,0,0,0,0,0,0,0,,0.000,0.000,,,1,0,1,2026-05-05 02:00:21,1,2026-05-05 02:00:21,,0.000,0,0,0.000,0,0,0,0,,0,0,0.000,,0
15,837,2026-05-05 00:00:00,29,29,0,0,0,0,0,0,0,0,0,,0.000,0.000,,,1,0,1,2026-05-05 02:00:21,1,2026-05-05 02:00:21,,0.000,0,0,0.000,0,0,0,0,,0,0,0.000,,0
15,838,2026-05-05 00:00:00,28,28,0,0,0,0,0,0,0,0,0,,0.000,0.000,,,1,0,1,2026-05-05 02:00:21,1,2026-05-05 02:00:21,,0.000,0,0,0.000,0,0,0,0,,0,0,0.000,,0
15,839,2026-05-05 00:00:00,13,13,0,0,0,0,0,0,0,0,0,,0.000,0.000,,,1,0,1,2026-05-05 02:00:21,1,2026-05-05 02:00:21,,0.000,0,0,0.000,0,0,0,0,,0,0,0.000,,0
15,840,2026-05-05 00:00:00,16,16,0,0,0,0,0,0,0,0,0,,0.000,0.000,,,1,0,1,2026-05-05 02:00:21,1,2026-05-05 02:00:21,,0.000,0,0,0.000,0,0,0,0,,0,0,0.000,,0
15,841,2026-05-05 00:00:00,12,12,0,0,0,0,0,0,0,0,0,,0.000,0.000,,,1,0,1,2026-05-05 02:00:21,1,2026-05-05 02:00:21,,0.000,0,0,0.000,0,0,0,0,,0,0,0.000,,0
15,842,2026-05-05 00:00:00,12,12,0,0,0,0,0,0,0,0,0,,0.000,0.000,,,1,0,1,2026-05-05 02:00:21,1,2026-05-05 02:00:21,,0.000,0,0,0.000,0,0,0,0,,0,0,0.000,,0
15,852,2026-05-05 00:00:00,27,27,0,0,0,0,0,0,0,0,0,,0.000,0.000,,,1,0,1,2026-05-05 02:00:21,1,2026-05-05 02:00:21,,0.000,0,0,0.000,0,0,0,0,,0,0,0.000,,0
15,853,2026-05-05 00:00:00,22,22,0,0,0,0,0,0,0,0,0,,0.000,0.000,,,1,0,1,2026-05-05 02:00:21,1,2026-05-05 02:00:21,,0.000,0,0,0.000,0,0,0,0,,0,0,0.000,,0
15,857,2026-05-05 00:00:00,30,30,0,0,0,0,0,0,0,0,0,,0.000,0.000,,,1,0,1,2026-05-05 02:00:21,1,2026-05-05 02:00:21,,0.000,0,0,0.000,0,0,0,0,,0,0,0.000,,0
15,859,2026-05-05 00:00:00,25,25,0,0,0,0,0,0,0,0,0,,0.000,0.000,,,1,0,1,2026-05-05 02:00:21,1,2026-05-05 02:00:21,,0.000,0,0,0.000,0,0,0,0,,0,0,0.000,,0
15,860,2026-05-05 00:00:00,47,47,0,0,0,0,0,0,0,0,0,,0.000,0.000,,,1,0,1,2026-05-05 02:00:21,1,2026-05-05 02:00:21,,0.000,0,0,0.000,0,0,0,0,,0,0,0.000,,0
15,861,2026-05-05 00:00:00,0,0,0,0,0,0,0,0,0,0,0,,0.000,0.000,,,1,0,1,2026-05-05 02:00:21,1,2026-05-05 02:00:21,,0.000,0,0,0.000,0,0,0,0,,0,0,0.000,,0
15,862,2026-05-05 00:00:00,11,11,0,0,0,0,0,0,0,0,0,,0.000,0.000,,,1,0,1,2026-05-05 02:00:21,1,2026-05-05 02:00:21,,0.000,0,0,0.000,0,0,0,0,,0,0,0.000,,0
15,863,2026-05-05 00:00:00,9,9,0,0,0,0,0,0,0,0,0,,0.000,0.000,,,1,0,1,2026-05-05 02:00:21,1,2026-05-05 02:00:21,,0.000,0,0,0.000,0,0,0,0,,0,0,0.000,,0
15,864,2026-05-05 00:00:00,20,20,0,0,0,0,0,0,0,0,0,,0.000,0.000,,,1,0,1,2026-05-05 02:00:21,1,2026-05-05 02:00:21,,0.000,0,0,0.000,0,0,0,0,,0,0,0.000,,0
15,865,2026-05-05 00:00:00,6,6,0,0,0,0,0,0,0,0,0,,0.000,0.000,,,1,0,1,2026-05-05 02:00:21,1,2026-05-05 02:00:21,,0.000,0,0,0.000,0,0,0,0,,0,0,0.000,,0
15,866,2026-05-05 00:00:00,32,32,0,0,0,0,0,0,0,0,0,,0.000,0.000,,,1,0,1,2026-05-05 02:00:21,1,2026-05-05 02:00:21,,0.000,0,0,0.000,0,0,0,0,,0,0,0.000,,0
15,867,2026-05-05 00:00:00,50,50,0,0,0,0,0,0,0,0,0,,0.000,0.000,,,1,0,1,2026-05-05 02:00:21,1,2026-05-05 02:00:21,,0.000,0,0,0.000,0,0,0,0,,0,0,0.000,,0
15,868,2026-05-05 00:00:00,42,42,0,0,0,0,0,0,0,0,0,,0.000,0.000,,,1,0,1,2026-05-05 02:00:21,1,2026-05-05 02:00:21,,0.000,0,0,0.000,0,0,0,0,,0,0,0.000,,0
15,869,2026-05-05 00:00:00,57,57,0,0,0,0,0,0,0,0,0,,0.000,0.000,,,1,0,1,2026-05-05 02:00:21,1,2026-05-05 02:00:21,,0.000,0,0,0.000,0,0,0,0,,0,0,0.000,,0
15,870,2026-05-05 00:00:00,8,8,0,0,0,0,0,0,0,0,0,,0.000,0.000,,,1,0,1,2026-05-05 02:00:21,1,2026-05-05 02:00:21,,0.000,0,0,0.000,0,0,0,0,,0,0,0.000,,0
15,871,2026-05-05 00:00:00,18,18,0,0,0,0,0,0,0,0,0,,0.000,0.000,,,1,0,1,2026-05-05 02:00:21,1,2026-05-05 02:00:21,,0.000,0,0,0.000,0,0,0,0,,0,0,0.000,,0
15,873,2026-05-05 00:00:00,4,4,0,0,0,0,0,0,0,0,0,,0.000,0.000,,,1,0,1,2026-05-05 02:00:21,1,2026-05-05 02:00:21,,0.000,0,0,0.000,0,0,0,0,,0,0,0.000,,0
15,875,2026-05-05 00:00:00,10,10,0,0,0,0,0,0,0,0,0,,0.000,0.000,,,1,0,1,2026-05-05 02:00:21,1,2026-05-05 02:00:21,,0.000,0,0,0.000,0,0,0,0,,0,0,0.000,,0
15,876,2026-05-05 00:00:00,64,64,0,0,0,0,0,0,0,0,0,,0.000,0.000,,,1,0,1,2026-05-05 02:00:21,1,2026-05-05 02:00:21,,0.000,0,0,0.000,0,0,0,0,,0,0,0.000,,0
15,877,2026-05-05 00:00:00,48,48,0,0,0,0,0,0,0,0,0,,0.000,0.000,,,1,0,1,2026-05-05 02:00:21,1,2026-05-05 02:00:21,,0.000,0,0,0.000,0,0,0,0,,0,0,0.000,,0
15,878,2026-05-05 00:00:00,2,2,0,0,0,0,0,0,0,0,0,,0.000,0.000,,,1,0,1,2026-05-05 02:00:21,1,2026-05-05 02:00:21,,0.000,0,0,0.000,0,0,0,0,,0,0,0.000,,0
15,880,2026-05-05 00:00:00,8,8,0,0,0,0,0,0,0,0,0,,0.000,0.000,,,1,0,1,2026-05-05 02:00:21,1,2026-05-05 02:00:21,,0.000,0,0,0.000,0,0,0,0,,0,0,0.000,,0
15,881,2026-05-05 00:00:00,2,2,0,0,0,0,0,0,0,0,0,,0.000,0.000,,,1,0,1,2026-05-05 02:00:21,1,2026-05-05 02:00:21,,0.000,0,0,0.000,0,0,0,0,,0,0,0.000,,0
15,883,2026-05-05 00:00:00,3,3,0,0,0,0,0,0,0,0,0,,0.000,0.000,,,1,0,1,2026-05-05 02:00:21,1,2026-05-05 02:00:21,,0.000,0,0,0.000,0,0,0,0,,0,0,0.000,,0
15,884,2026-05-05 00:00:00,2,2,0,0,0,0,0,0,0,0,0,,0.000,0.000,,,1,0,1,2026-05-05 02:00:21,1,2026-05-05 02:00:21,,0.000,0,0,0.000,0,0,0,0,,0,0,0.000,,0
15,885,2026-05-05 00:00:00,2,2,0,0,0,0,0,0,0,0,0,,0.000,0.000,,,1,0,1,2026-05-05 02:00:21,1,2026-05-05 02:00:21,,0.000,0,0,0.000,0,0,0,0,,0,0,0.000,,0
15,886,2026-05-05 00:00:00,5,5,0,0,0,0,0,0,0,0,0,,0.000,0.000,,,1,0,1,2026-05-05 02:00:21,1,2026-05-05 02:00:21,,0.000,0,0,0.000,0,0,0,0,,0,0,0.000,,0
15,888,2026-05-05 00:00:00,14,14,0,0,0,0,0,0,0,0,0,,0.000,0.000,,,1,0,1,2026-05-05 02:00:21,1,2026-05-05 02:00:21,,0.000,0,0,0.000,0,0,0,0,,0,0,0.000,,0
15,889,2026-05-05 00:00:00,6,6,0,0,0,0,0,0,0,0,0,,0.000,0.000,,,1,0,1,2026-05-05 02:00:21,1,2026-05-05 02:00:21,,0.000,0,0,0.000,0,0,0,0,,0,0,0.000,,0
15,890,2026-05-05 00:00:00,7,7,0,0,0,0,0,0,0,0,0,,0.000,0.000,,,1,0,1,2026-05-05 02:00:21,1,2026-05-05 02:00:21,,0.000,0,0,0.000,0,0,0,0,,0,0,0.000,,0
15,899,2026-05-05 00:00:00,1,1,0,0,0,0,0,0,0,0,0,,0.000,0.000,,,1,0,1,2026-05-05 02:00:21,1,2026-05-05 02:00:21,,0.000,0,0,0.000,0,0,0,0,,0,0,0.000,,0
15,900,2026-05-05 00:00:00,9,9,0,0,0,0,0,0,0,0,0,,0.000,0.000,,,1,0,1,2026-05-05 02:00:21,1,2026-05-05 02:00:21,,0.000,0,0,0.000,0,0,0,0,,0,0,0.000,,0
15,913,2026-05-05 00:00:00,11,11,0,0,0,0,0,0,0,0,0,,0.000,0.000,,,1,0,1,2026-05-05 02:00:21,1,2026-05-05 02:00:21,,0.000,0,0,0.000,0,0,0,0,,0,0,0.000,,0
15,929,2026-05-05 00:00:00,21,21,0,0,0,0,0,0,0,0,0,,0.000,0.000,,,1,0,1,2026-05-05 02:00:21,1,2026-05-05 02:00:21,,0.000,0,0,0.000,0,0,0,0,,0,0,0.000,,0
15,930,2026-05-05 00:00:00,10,10,0,0,0,0,0,0,0,0,0,,0.000,0.000,,,1,0,1,2026-05-05 02:00:21,1,2026-05-05 02:00:21,,0.000,0,0,0.000,0,0,0,0,,0,0,0.000,,0
15,931,2026-05-05 00:00:00,9,8,0,0,0,-1,0,0,0,0,0,,0.000,0.000,,,0,0,1,2026-05-05 02:00:21,47,2026-05-05 18:07:15,,0.000,0,0,0.000,0,0,0,0,,0,0,0.000,,0
15,933,2026-05-05 00:00:00,4,4,0,0,0,0,0,0,0,0,0,,0.000,0.000,,,1,0,1,2026-05-05 02:00:21,1,2026-05-05 02:00:21,,0.000,0,0,0.000,0,0,0,0,,0,0,0.000,,0
15,934,2026-05-05 00:00:00,5,5,0,0,0,0,0,0,0,0,0,,0.000,0.000,,,1,0,1,2026-05-05 02:00:21,1,2026-05-05 02:00:21,,0.000,0,0,0.000,0,0,0,0,,0,0,0.000,,0
15,935,2026-05-05 00:00:00,5,5,0,0,0,0,0,0,0,0,0,,0.000,0.000,,,1,0,1,2026-05-05 02:00:21,1,2026-05-05 02:00:21,,0.000,0,0,0.000,0,0,0,0,,0,0,0.000,,0
15,936,2026-05-05 00:00:00,11,11,0,0,0,0,0,0,0,0,0,,0.000,0.000,,,1,0,1,2026-05-05 02:00:21,1,2026-05-05 02:00:21,,0.000,0,0,0.000,0,0,0,0,,0,0,0.000,,0
15,937,2026-05-05 00:00:00,6,6,0,0,0,0,0,0,0,0,0,,0.000,0.000,,,1,0,1,2026-05-05 02:00:21,1,2026-05-05 02:00:21,,0.000,0,0,0.000,0,0,0,0,,0,0,0.000,,0
15,947,2026-05-05 00:00:00,12,12,0,0,0,0,0,0,0,0,0,,0.000,0.000,,,1,0,1,2026-05-05 02:00:21,1,2026-05-05 02:00:21,,0.000,0,0,0.000,0,0,0,0,,0,0,0.000,,0
15,948,2026-05-05 00:00:00,18,18,0,0,0,0,0,0,0,0,0,,0.000,0.000,,,1,0,1,2026-05-05 02:00:21,1,2026-05-05 02:00:21,,0.000,0,0,0.000,0,0,0,0,,0,0,0.000,,0
15,949,2026-05-05 00:00:00,10,10,0,0,0,0,0,0,0,0,0,,0.000,0.000,,,1,0,1,2026-05-05 02:00:21,1,2026-05-05 02:00:21,,0.000,0,0,0.000,0,0,0,0,,0,0,0.000,,0
15,950,2026-05-05 00:00:00,14,14,0,0,0,0,0,0,0,0,0,,0.000,0.000,,,1,0,1,2026-05-05 02:00:21,1,2026-05-05 02:00:21,,0.000,0,0,0.000,0,0,0,0,,0,0,0.000,,0
15,954,2026-05-05 00:00:00,107,107,0,0,0,0,0,0,0,0,0,,0.000,0.000,,,1,0,1,2026-05-05 02:00:21,1,2026-05-05 02:00:21,,0.000,0,0,0.000,0,0,0,0,,0,0,0.000,,0
15,955,2026-05-05 00:00:00,150,150,0,0,0,0,0,0,0,0,0,,0.000,0.000,,,1,0,1,2026-05-05 02:00:21,1,2026-05-05 02:00:21,,0.000,0,0,0.000,0,0,0,0,,0,0,0.000,,0
15,956,2026-05-05 00:00:00,40,40,0,0,0,0,0,0,0,0,0,,0.000,0.000,,,1,0,1,2026-05-05 02:00:21,1,2026-05-05 02:00:21,,0.000,0,0,0.000,0,0,0,0,,0,0,0.000,,0
15,957,2026-05-05 00:00:00,25,25,0,0,0,0,0,0,0,0,0,,0.000,0.000,,,1,0,1,2026-05-05 02:00:21,1,2026-05-05 02:00:21,,0.000,0,0,0.000,0,0,0,0,,0,0,0.000,,0
15,958,2026-05-05 00:00:00,20,20,0,0,0,0,0,0,0,0,0,,0.000,0.000,,,1,0,1,2026-05-05 02:00:21,1,2026-05-05 02:00:21,,0.000,0,0,0.000,0,0,0,0,,0,0,0.000,,0
15,959,2026-05-05 00:00:00,35,35,0,0,0,0,0,0,0,0,0,,0.000,0.000,,,1,0,1,2026-05-05 02:00:21,1,2026-05-05 02:00:21,,0.000,0,0,0.000,0,0,0,0,,0,0,0.000,,0
15,960,2026-05-05 00:00:00,21,21,0,0,0,0,0,0,0,0,0,,0.000,0.000,,,1,0,1,2026-05-05 02:00:21,1,2026-05-05 02:00:21,,0.000,0,0,0.000,0,0,0,0,,0,0,0.000,,0
15,974,2026-05-05 00:00:00,10,10,0,0,0,0,0,0,0,0,0,,0.000,0.000,,,1,0,1,2026-05-05 02:00:21,1,2026-05-05 02:00:21,,0.000,0,0,0.000,0,0,0,0,,0,0,0.000,,0
15,975,2026-05-05 00:00:00,5,5,0,0,0,0,0,0,0,0,0,,0.000,0.000,,,1,0,1,2026-05-05 02:00:21,1,2026-05-05 02:00:21,,0.000,0,0,0.000,0,0,0,0,,0,0,0.000,,0
15,986,2026-05-05 00:00:00,24,24,0,0,0,0,0,0,0,0,0,,0.000,0.000,,,1,0,1,2026-05-05 02:00:21,1,2026-05-05 02:00:21,,0.000,0,0,0.000,0,0,0,0,,0,0,0.000,,0
15,989,2026-05-05 00:00:00,11,11,0,0,0,0,0,0,0,0,0,,0.000,0.000,,,1,0,1,2026-05-05 02:00:21,1,2026-05-05 02:00:21,,0.000,0,0,0.000,0,0,0,0,,0,0,0.000,,0
15,990,2026-05-05 00:00:00,12,12,0,0,0,0,0,0,0,0,0,,0.000,0.000,,,1,0,1,2026-05-05 02:00:21,1,2026-05-05 02:00:21,,0.000,0,0,0.000,0,0,0,0,,0,0,0.000,,0
15,991,2026-05-05 00:00:00,90,90,0,0,0,0,0,0,0,0,0,,0.000,0.000,,,1,0,1,2026-05-05 02:00:21,1,2026-05-05 02:00:21,,0.000,0,0,0.000,0,0,0,0,,0,0,0.000,,0
15,995,2026-05-05 00:00:00,4,4,0,0,0,0,0,0,0,0,0,,0.000,0.000,,,1,0,1,2026-05-05 02:00:21,1,2026-05-05 02:00:21,,0.000,0,0,0.000,0,0,0,0,,0,0,0.000,,0
15,996,2026-05-05 00:00:00,6,6,0,0,0,0,0,0,0,0,0,,0.000,0.000,,,1,0,1,2026-05-05 02:00:21,1,2026-05-05 02:00:21,,0.000,0,0,0.000,0,0,0,0,,0,0,0.000,,0
15,997,2026-05-05 00:00:00,33,33,0,0,0,0,0,0,0,0,0,,0.000,0.000,,,1,0,1,2026-05-05 02:00:21,1,2026-05-05 02:00:21,,0.000,0,0,0.000,0,0,0,0,,0,0,0.000,,0
15,998,2026-05-05 00:00:00,17,17,0,0,0,0,0,0,0,0,0,,0.000,0.000,,,1,0,1,2026-05-05 02:00:21,1,2026-05-05 02:00:21,,0.000,0,0,0.000,0,0,0,0,,0,0,0.000,,0
15,999,2026-05-05 00:00:00,7,7,0,0,0,0,0,0,0,0,0,,0.000,0.000,,,1,0,1,2026-05-05 02:00:21,1,2026-05-05 02:00:21,,0.000,0,0,0.000,0,0,0,0,,0,0,0.000,,0
15,1002,2026-05-05 00:00:00,27,27,0,0,0,0,0,0,0,0,0,,0.000,0.000,,,1,0,1,2026-05-05 02:00:21,1,2026-05-05 02:00:21,,0.000,0,0,0.000,0,0,0,0,,0,0,0.000,,0
15,1003,2026-05-05 00:00:00,23,23,0,0,0,0,0,0,0,0,0,,0.000,0.000,,,1,0,1,2026-05-05 02:00:21,1,2026-05-05 02:00:21,,0.000,0,0,0.000,0,0,0,0,,0,0,0.000,,0
15,1004,2026-05-05 00:00:00,5,5,0,0,0,0,0,0,0,0,0,,0.000,0.000,,,1,0,1,2026-05-05 02:00:21,1,2026-05-05 02:00:21,,0.000,0,0,0.000,0,0,0,0,,0,0,0.000,,0
15,1005,2026-05-05 00:00:00,2,2,0,0,0,0,0,0,0,0,0,,0.000,0.000,,,1,0,1,2026-05-05 02:00:21,1,2026-05-05 02:00:21,,0.000,0,0,0.000,0,0,0,0,,0,0,0.000,,0
15,1006,2026-05-05 00:00:00,17,17,0,0,0,0,0,0,0,0,0,,0.000,0.000,,,1,0,1,2026-05-05 02:00:21,1,2026-05-05 02:00:21,,0.000,0,0,0.000,0,0,0,0,,0,0,0.000,,0
15,1007,2026-05-05 00:00:00,10,10,0,0,0,0,0,0,0,0,0,,0.000,0.000,,,1,0,1,2026-05-05 02:00:21,1,2026-05-05 02:00:21,,0.000,0,0,0.000,0,0,0,0,,0,0,0.000,,0
15,1008,2026-05-05 00:00:00,3,3,0,0,0,0,0,0,0,0,0,,0.000,0.000,,,1,0,1,2026-05-05 02:00:21,1,2026-05-05 02:00:21,,0.000,0,0,0.000,0,0,0,0,,0,0,0.000,,0
15,1009,2026-05-05 00:00:00,8,8,0,0,0,0,0,0,0,0,0,,0.000,0.000,,,1,0,1,2026-05-05 02:00:21,1,2026-05-05 02:00:21,,0.000,0,0,0.000,0,0,0,0,,0,0,0.000,,0
15,1010,2026-05-05 00:00:00,26,26,0,0,0,0,0,0,0,0,0,,0.000,0.000,,,1,0,1,2026-05-05 02:00:21,1,2026-05-05 02:00:21,,0.000,0,0,0.000,0,0,0,0,,0,0,0.000,,0
15,1011,2026-05-05 00:00:00,16,16,0,0,0,0,0,0,0,0,0,,0.000,0.000,,,1,0,1,2026-05-05 02:00:21,1,2026-05-05 02:00:21,,0.000,0,0,0.000,0,0,0,0,,0,0,0.000,,0
15,1012,2026-05-05 00:00:00,17,29,12,0,0,0,0,0,0,0,0,,1612.682,1612.682,1252.21,,0,1,1,2026-05-05 02:00:21,21,2026-05-05 17:44:54,,1612.682,0,0,1612.682,19352.1792,0,0,0,,4063.957632,0,0.000,0,0
15,1013,2026-05-05 00:00:00,6,18,12,0,0,0,0,0,0,0,0,,1612.682,1612.682,1252.21,,0,1,1,2026-05-05 02:00:21,21,2026-05-05 17:44:54,,1612.682,0,0,1612.682,19352.1792,0,0,0,,4063.957632,0,0.000,0,0
15,1014,2026-05-05 00:00:00,11,23,12,0,0,0,0,0,0,0,0,,1612.682,1612.682,1252.21,,0,1,1,2026-05-05 02:00:21,21,2026-05-05 17:44:54,,1612.682,0,0,1612.682,19352.1792,0,0,0,,4063.957632,0,0.000,0,0
15,1015,2026-05-05 00:00:00,18,30,12,0,0,0,0,0,0,0,0,,1683.521,1683.521,1391.34,,0,1,1,2026-05-05 02:00:21,21,2026-05-05 17:44:54,,1683.521,0,0,1683.521,20202.2568,0,0,0,,4242.473928,0,0.000,0,0
15,1016,2026-05-05 00:00:00,11,11,0,0,0,0,0,0,0,0,0,,0.000,0.000,,,1,0,1,2026-05-05 02:00:21,1,2026-05-05 02:00:21,,0.000,0,0,0.000,0,0,0,0,,0,0,0.000,,0
15,1018,2026-05-05 00:00:00,34,34,0,0,0,0,0,0,0,0,0,,0.000,0.000,,,1,0,1,2026-05-05 02:00:21,1,2026-05-05 02:00:21,,0.000,0,0,0.000,0,0,0,0,,0,0,0.000,,0
15,1021,2026-05-05 00:00:00,22,22,0,0,0,0,0,0,0,0,0,,0.000,0.000,,,1,0,1,2026-05-05 02:00:21,1,2026-05-05 02:00:21,,0.000,0,0,0.000,0,0,0,0,,0,0,0.000,,0
15,1022,2026-05-05 00:00:00,10,10,0,0,0,0,0,0,0,0,0,,0.000,0.000,,,1,0,1,2026-05-05 02:00:21,1,2026-05-05 02:00:21,,0.000,0,0,0.000,0,0,0,0,,0,0,0.000,,0
15,1023,2026-05-05 00:00:00,20,20,0,0,0,0,0,0,0,0,0,,0.000,0.000,,,1,0,1,2026-05-05 02:00:21,1,2026-05-05 02:00:21,,0.000,0,0,0.000,0,0,0,0,,0,0,0.000,,0
15,1024,2026-05-05 00:00:00,17,17,0,0,0,0,0,0,0,0,0,,0.000,0.000,,,1,0,1,2026-05-05 02:00:21,1,2026-05-05 02:00:21,,0.000,0,0,0.000,0,0,0,0,,0,0,0.000,,0
15,1025,2026-05-05 00:00:00,11,11,0,0,0,0,0,0,0,0,0,,0.000,0.000,,,1,0,1,2026-05-05 02:00:21,1,2026-05-05 02:00:21,,0.000,0,0,0.000,0,0,0,0,,0,0,0.000,,0
15,1026,2026-05-05 00:00:00,9,9,0,0,0,0,0,0,0,0,0,,0.000,0.000,,,1,0,1,2026-05-05 02:00:21,1,2026-05-05 02:00:21,,0.000,0,0,0.000,0,0,0,0,,0,0,0.000,,0
15,1027,2026-05-05 00:00:00,50,50,0,0,0,0,0,0,0,0,0,,0.000,0.000,,,1,0,1,2026-05-05 02:00:21,1,2026-05-05 02:00:21,,0.000,0,0,0.000,0,0,0,0,,0,0,0.000,,0
15,1028,2026-05-05 00:00:00,40,40,0,0,0,0,0,0,0,0,0,,0.000,0.000,,,1,0,1,2026-05-05 02:00:21,1,2026-05-05 02:00:21,,0.000,0,0,0.000,0,0,0,0,,0,0,0.000,,0
15,1029,2026-05-05 00:00:00,48,48,0,0,0,0,0,0,0,0,0,,0.000,0.000,,,1,0,1,2026-05-05 02:00:21,1,2026-05-05 02:00:21,,0.000,0,0,0.000,0,0,0,0,,0,0,0.000,,0
15,1030,2026-05-05 00:00:00,40,40,0,0,0,0,0,0,0,0,0,,0.000,0.000,,,1,0,1,2026-05-05 02:00:21,1,2026-05-05 02:00:21,,0.000,0,0,0.000,0,0,0,0,,0,0,0.000,,0
15,1032,2026-05-05 00:00:00,101,101,0,0,0,0,0,0,0,0,0,,0.000,0.000,,,1,0,1,2026-05-05 02:00:21,1,2026-05-05 02:00:21,,0.000,0,0,0.000,0,0,0,0,,0,0,0.000,,0
15,1033,2026-05-05 00:00:00,72,72,0,0,0,0,0,0,0,0,0,,0.000,0.000,,,1,0,1,2026-05-05 02:00:21,1,2026-05-05 02:00:21,,0.000,0,0,0.000,0,0,0,0,,0,0,0.000,,0
15,1034,2026-05-05 00:00:00,8,8,0,0,0,0,0,0,0,0,0,,0.000,0.000,,,1,0,1,2026-05-05 02:00:21,1,2026-05-05 02:00:21,,0.000,0,0,0.000,0,0,0,0,,0,0,0.000,,0
15,1035,2026-05-05 00:00:00,19,19,0,0,0,0,0,0,0,0,0,,0.000,0.000,,,1,0,1,2026-05-05 02:00:21,1,2026-05-05 02:00:21,,0.000,0,0,0.000,0,0,0,0,,0,0,0.000,,0
15,1036,2026-05-05 00:00:00,17,17,0,0,0,0,0,0,0,0,0,,0.000,0.000,,,1,0,1,2026-05-05 02:00:21,1,2026-05-05 02:00:21,,0.000,0,0,0.000,0,0,0,0,,0,0,0.000,,0
15,1038,2026-05-05 00:00:00,6,6,0,0,0,0,0,0,0,0,0,,0.000,0.000,,,1,0,1,2026-05-05 02:00:21,1,2026-05-05 02:00:21,,0.000,0,0,0.000,0,0,0,0,,0,0,0.000,,0
15,1039,2026-05-05 00:00:00,48,48,0,0,0,0,0,0,0,0,0,,0.000,0.000,,,1,0,1,2026-05-05 02:00:21,1,2026-05-05 02:00:21,,0.000,0,0,0.000,0,0,0,0,,0,0,0.000,,0
15,1040,2026-05-05 00:00:00,40,40,0,0,0,0,0,0,0,0,0,,0.000,0.000,,,1,0,1,2026-05-05 02:00:21,1,2026-05-05 02:00:21,,0.000,0,0,0.000,0,0,0,0,,0,0,0.000,,0
15,1046,2026-05-05 00:00:00,16,16,0,0,0,0,0,0,0,0,0,,0.000,0.000,,,1,0,1,2026-05-05 02:00:21,1,2026-05-05 02:00:21,,0.000,0,0,0.000,0,0,0,0,,0,0,0.000,,0
15,1047,2026-05-05 00:00:00,12,12,0,0,0,0,0,0,0,0,0,,0.000,0.000,,,1,0,1,2026-05-05 02:00:21,1,2026-05-05 02:00:21,,0.000,0,0,0.000,0,0,0,0,,0,0,0.000,,0
15,1059,2026-05-05 00:00:00,4,4,0,0,0,0,0,0,0,0,0,,0.000,0.000,,,1,0,1,2026-05-05 02:00:21,1,2026-05-05 02:00:21,,0.000,0,0,0.000,0,0,0,0,,0,0,0.000,,0
15,1060,2026-05-05 00:00:00,8,8,0,0,0,0,0,0,0,0,0,,0.000,0.000,,,1,0,1,2026-05-05 02:00:21,1,2026-05-05 02:00:21,,0.000,0,0,0.000,0,0,0,0,,0,0,0.000,,0
15,1061,2026-05-05 00:00:00,9,9,0,0,0,0,0,0,0,0,0,,0.000,0.000,,,1,0,1,2026-05-05 02:00:21,1,2026-05-05 02:00:21,,0.000,0,0,0.000,0,0,0,0,,0,0,0.000,,0
15,1062,2026-05-05 00:00:00,6,6,0,0,0,0,0,0,0,0,0,,0.000,0.000,,,1,0,1,2026-05-05 02:00:21,1,2026-05-05 02:00:21,,0.000,0,0,0.000,0,0,0,0,,0,0,0.000,,0
15,1087,2026-05-05 00:00:00,14,14,0,0,0,0,0,0,0,0,0,,0.000,0.000,,,1,0,1,2026-05-05 02:00:21,1,2026-05-05 02:00:21,,0.000,0,0,0.000,0,0,0,0,,0,0,0.000,,0
15,1093,2026-05-05 00:00:00,9,9,0,0,0,0,0,0,0,0,0,,0.000,0.000,,,1,0,1,2026-05-05 02:00:21,1,2026-05-05 02:00:21,,0.000,0,0,0.000,0,0,0,0,,0,0,0.000,,0
15,1094,2026-05-05 00:00:00,22,22,0,0,0,0,0,0,0,0,0,,0.000,0.000,,,1,0,1,2026-05-05 02:00:21,1,2026-05-05 02:00:21,,0.000,0,0,0.000,0,0,0,0,,0,0,0.000,,0
15,1095,2026-05-05 00:00:00,17,17,0,0,0,0,0,0,0,0,0,,0.000,0.000,,,1,0,1,2026-05-05 02:00:21,1,2026-05-05 02:00:21,,0.000,0,0,0.000,0,0,0,0,,0,0,0.000,,0
15,1100,2026-05-05 00:00:00,1,3,2,0,0,0,0,0,0,0,0,,18101.260,18101.260,18101.26,,0,1,1,2026-05-05 02:00:21,21,2026-05-05 17:44:54,,18101.260,0,0,18101.260,36202.52,0,0,0,,0,0,0.000,0,0
15,1120,2026-05-05 00:00:00,0,2,2,0,0,0,0,0,0,0,0,,0.000,0.000,0.0001,,0,1,21,2026-05-05 17:34:45,47,2026-05-05 17:53:34,,0.000,0,0,0.000,0.0001,0,0,0,,0,0,0.000,0,0
