INV_ID,INP_TYP,ART_ID,VPK_ID,LGP_NR,INP_SOLL,INP_IST,INP_ESP,INP_EKP,INP_VSP,INP_VKP,INP_INFO,INP_DELART,INP_STATUS,INP_WEK,INP_UML,INP_KST,INP_IST0,INP_IST1,INP_IST2,INP_IST3,INP_IST4,INP_IST5,INP_IST6,INP_IST7,INP_IST8,INP_IST9,INP_EP1,INP_EP2,INP_CHANGED,REPLICATED,INP_IST10,SPA_NR,WGR_NR
1,4,880,3,,0,8,0.000,0.000,0,0,,1,0,,,,8,0,0,0,0,0,0,0,0,0,0,0,1,,,92,412
1,4,880,3,,0,8,0.000,0.000,0,0,,1,0,,,,8,0,0,0,0,0,0,0,0,0,0,0,1,,,92,412
1,4,790,3,,0,17,0.000,0.000,0,0,,1,0,,,,17,0,0,0,0,0,0,0,0,0,0,0,1,,,103,334
1,4,790,3,,0,17,0.000,0.000,0,0,,1,0,,,,17,0,0,0,0,0,0,0,0,0,0,0,1,,,103,334
1,4,835,3,,0,34,0.000,0.000,0,0,,1,0,,,,34,0,0,0,0,0,0,0,0,0,0,0,1,,,104,335
1,4,835,3,,0,34,0.000,0.000,0,0,,1,0,,,,34,0,0,0,0,0,0,0,0,0,0,0,1,,,104,335
1,4,615,3,,0,3,0.000,0.000,0,0,,1,0,,,,3,0,0,0,0,0,0,0,0,0,0,0,1,,,103,334
1,4,615,3,,0,3,0.000,0.000,0,0,,1,0,,,,3,0,0,0,0,0,0,0,0,0,0,0,1,,,103,334
1,4,578,3,,0,43,0.000,0.000,0,0,,1,0,,,,43,0,0,0,0,0,0,0,0,0,0,0,1,,,104,335
1,4,578,3,,0,43,0.000,0.000,0,0,,1,0,,,,43,0,0,0,0,0,0,0,0,0,0,0,1,,,104,335
1,4,611,3,,0,21,0.000,0.000,0,0,,1,0,,,,21,0,0,0,0,0,0,0,0,0,0,0,1,,,104,335
1,4,611,3,,0,21,0.000,0.000,0,0,,1,0,,,,21,0,0,0,0,0,0,0,0,0,0,0,1,,,104,335
1,4,626,3,,0,26,0.000,0.000,0,0,,1,0,,,,26,0,0,0,0,0,0,0,0,0,0,0,1,,,103,334
1,4,626,3,,0,26,0.000,0.000,0,0,,1,0,,,,26,0,0,0,0,0,0,0,0,0,0,0,1,,,103,334
1,4,785,3,,0,7,0.000,0.000,0,0,,1,0,,,,7,0,0,0,0,0,0,0,0,0,0,0,1,,,103,334
1,4,785,3,,0,7,0.000,0.000,0,0,,1,0,,,,7,0,0,0,0,0,0,0,0,0,0,0,1,,,103,334
1,4,613,3,,0,10,0.000,0.000,0,0,,1,0,,,,10,0,0,0,0,0,0,0,0,0,0,0,1,,,104,335
1,4,613,3,,0,10,0.000,0.000,0,0,,1,0,,,,10,0,0,0,0,0,0,0,0,0,0,0,1,,,104,335
1,4,610,3,,0,15,0.000,0.000,0,0,,1,0,,,,15,0,0,0,0,0,0,0,0,0,0,0,1,,,103,334
1,4,610,3,,0,15,0.000,0.000,0,0,,1,0,,,,15,0,0,0,0,0,0,0,0,0,0,0,1,,,103,334
1,4,788,3,,0,11,0.000,0.000,0,0,,1,0,,,,11,0,0,0,0,0,0,0,0,0,0,0,1,,,104,335
1,4,788,3,,0,11,0.000,0.000,0,0,,1,0,,,,11,0,0,0,0,0,0,0,0,0,0,0,1,,,104,335
1,4,229,3,,0,31,0.000,0.000,0,0,,1,0,,,,31,0,0,0,0,0,0,0,0,0,0,0,1,,,30,70
1,4,229,3,,0,31,0.000,0.000,0,0,,1,0,,,,31,0,0,0,0,0,0,0,0,0,0,0,1,,,30,70
1,4,220,3,,0,40,0.000,0.000,0,0,,1,0,,,,40,0,0,0,0,0,0,0,0,0,0,0,1,,,33,381
1,4,220,3,,0,40,0.000,0.000,0,0,,1,0,,,,40,0,0,0,0,0,0,0,0,0,0,0,1,,,33,381
1,4,883,3,,0,3,0.000,0.000,0,0,,1,0,,,,3,0,0,0,0,0,0,0,0,0,0,0,1,,,41,453
1,4,883,3,,0,3,0.000,0.000,0,0,,1,0,,,,3,0,0,0,0,0,0,0,0,0,0,0,1,,,41,453
1,4,881,3,,0,2,0.000,0.000,0,0,,1,0,,,,2,0,0,0,0,0,0,0,0,0,0,0,1,,,41,453
1,4,881,3,,0,2,0.000,0.000,0,0,,1,0,,,,2,0,0,0,0,0,0,0,0,0,0,0,1,,,41,453
1,4,886,3,,0,5,0.000,0.000,0,0,,1,0,,,,5,0,0,0,0,0,0,0,0,0,0,0,1,,,41,453
1,4,886,3,,0,5,0.000,0.000,0,0,,1,0,,,,5,0,0,0,0,0,0,0,0,0,0,0,1,,,41,453
1,4,885,3,,0,2,0.000,0.000,0,0,,1,0,,,,2,0,0,0,0,0,0,0,0,0,0,0,1,,,41,453
1,4,885,3,,0,2,0.000,0.000,0,0,,1,0,,,,2,0,0,0,0,0,0,0,0,0,0,0,1,,,41,453
1,4,888,3,,0,14,0.000,0.000,0,0,,1,0,,,,14,0,0,0,0,0,0,0,0,0,0,0,1,,,41,453
1,4,888,3,,0,14,0.000,0.000,0,0,,1,0,,,,14,0,0,0,0,0,0,0,0,0,0,0,1,,,41,453
1,4,890,3,,0,7,0.000,0.000,0,0,,1,0,,,,7,0,0,0,0,0,0,0,0,0,0,0,1,,,41,453
1,4,890,3,,0,7,0.000,0.000,0,0,,1,0,,,,7,0,0,0,0,0,0,0,0,0,0,0,1,,,41,453
1,4,889,3,,0,6,0.000,0.000,0,0,,1,0,,,,6,0,0,0,0,0,0,0,0,0,0,0,1,,,41,453
1,4,889,3,,0,6,0.000,0.000,0,0,,1,0,,,,6,0,0,0,0,0,0,0,0,0,0,0,1,,,41,453
1,4,163,3,,0,4,0.000,0.000,0,0,,1,0,,,,4,0,0,0,0,0,0,0,0,0,0,0,1,,,30,382
1,4,163,3,,0,4,0.000,0.000,0,0,,1,0,,,,4,0,0,0,0,0,0,0,0,0,0,0,1,,,30,382
1,4,125,3,,0,3,0.000,0.000,0,0,,1,0,,,,3,0,0,0,0,0,0,0,0,0,0,0,1,,,38,675
1,4,125,3,,0,3,0.000,0.000,0,0,,1,0,,,,3,0,0,0,0,0,0,0,0,0,0,0,1,,,38,675
1,4,128,3,,0,2,0.000,0.000,0,0,,1,0,,,,2,0,0,0,0,0,0,0,0,0,0,0,1,,,38,675
1,4,128,3,,0,2,0.000,0.000,0,0,,1,0,,,,2,0,0,0,0,0,0,0,0,0,0,0,1,,,38,675
1,4,741,3,,0,17,0.000,0.000,0,0,,1,0,,,,17,0,0,0,0,0,0,0,0,0,0,0,1,,,79,66
1,4,741,3,,0,17,0.000,0.000,0,0,,1,0,,,,17,0,0,0,0,0,0,0,0,0,0,0,1,,,79,66
1,4,742,3,,0,30,0.000,0.000,0,0,,1,0,,,,30,0,0,0,0,0,0,0,0,0,0,0,1,,,104,400
1,4,742,3,,0,30,0.000,0.000,0,0,,1,0,,,,30,0,0,0,0,0,0,0,0,0,0,0,1,,,104,400
1,4,739,3,,0,15,0.000,0.000,0,0,,1,0,,,,15,0,0,0,0,0,0,0,0,0,0,0,1,,,79,66
1,4,739,3,,0,15,0.000,0.000,0,0,,1,0,,,,15,0,0,0,0,0,0,0,0,0,0,0,1,,,79,66
1,4,737,3,,0,18,0.000,0.000,0,0,,1,0,,,,18,0,0,0,0,0,0,0,0,0,0,0,1,,,104,400
1,4,737,3,,0,18,0.000,0.000,0,0,,1,0,,,,18,0,0,0,0,0,0,0,0,0,0,0,1,,,104,400
1,4,744,3,,0,9,0.000,0.000,0,0,,1,0,,,,9,0,0,0,0,0,0,0,0,0,0,0,1,,,79,66
1,4,744,3,,0,9,0.000,0.000,0,0,,1,0,,,,9,0,0,0,0,0,0,0,0,0,0,0,1,,,79,66
1,4,745,3,,0,28,0.000,0.000,0,0,,1,0,,,,28,0,0,0,0,0,0,0,0,0,0,0,1,,,104,400
1,4,745,3,,0,28,0.000,0.000,0,0,,1,0,,,,28,0,0,0,0,0,0,0,0,0,0,0,1,,,104,400
1,4,740,3,,0,0,0.000,0.000,0,0,,1,0,,,,0,0,0,0,0,0,0,0,0,0,0,0,1,,,79,66
1,4,740,3,,0,0,0.000,0.000,0,0,,1,0,,,,0,0,0,0,0,0,0,0,0,0,0,0,1,,,79,66
1,4,738,3,,0,0,0.000,0.000,0,0,,1,0,,,,0,0,0,0,0,0,0,0,0,0,0,0,1,,,104,400
1,4,738,3,,0,0,0.000,0.000,0,0,,1,0,,,,0,0,0,0,0,0,0,0,0,0,0,0,1,,,104,400
1,4,986,3,,0,24,0.000,0.000,0,0,,1,0,,,,24,0,0,0,0,0,0,0,0,0,0,0,1,,,104,400
1,4,986,3,,0,24,0.000,0.000,0,0,,1,0,,,,24,0,0,0,0,0,0,0,0,0,0,0,1,,,104,400
1,4,188,3,,0,20,0.000,0.000,0,0,,1,0,,,,20,0,0,0,0,0,0,0,0,0,0,0,1,,,104,407
1,4,188,3,,0,20,0.000,0.000,0,0,,1,0,,,,20,0,0,0,0,0,0,0,0,0,0,0,1,,,104,407
1,4,115,3,,0,20,0.000,0.000,0,0,,1,0,,,,20,0,0,0,0,0,0,0,0,0,0,0,1,,,104,407
1,4,115,3,,0,20,0.000,0.000,0,0,,1,0,,,,20,0,0,0,0,0,0,0,0,0,0,0,1,,,104,407
1,4,207,3,,0,4,0.000,0.000,0,0,,1,0,,,,4,0,0,0,0,0,0,0,0,0,0,0,1,,,104,407
1,4,207,3,,0,4,0.000,0.000,0,0,,1,0,,,,4,0,0,0,0,0,0,0,0,0,0,0,1,,,104,407
1,4,206,3,,0,5,0.000,0.000,0,0,,1,0,,,,5,0,0,0,0,0,0,0,0,0,0,0,1,,,104,407
1,4,206,3,,0,5,0.000,0.000,0,0,,1,0,,,,5,0,0,0,0,0,0,0,0,0,0,0,1,,,104,407
1,4,190,3,,0,9,0.000,0.000,0,0,,1,0,,,,9,0,0,0,0,0,0,0,0,0,0,0,1,,,90,459
1,4,190,3,,0,9,0.000,0.000,0,0,,1,0,,,,9,0,0,0,0,0,0,0,0,0,0,0,1,,,90,459
1,4,192,3,,0,8,0.000,0.000,0,0,,1,0,,,,8,0,0,0,0,0,0,0,0,0,0,0,1,,,90,459
1,4,192,3,,0,8,0.000,0.000,0,0,,1,0,,,,8,0,0,0,0,0,0,0,0,0,0,0,1,,,90,459
1,4,853,3,,0,22,0.000,0.000,0,0,,1,0,,,,22,0,0,0,0,0,0,0,0,0,0,0,1,,,90,409
1,4,853,3,,0,22,0.000,0.000,0,0,,1,0,,,,22,0,0,0,0,0,0,0,0,0,0,0,1,,,90,409
1,4,852,3,,0,27,0.000,0.000,0,0,,1,0,,,,27,0,0,0,0,0,0,0,0,0,0,0,1,,,90,409
1,4,852,3,,0,27,0.000,0.000,0,0,,1,0,,,,27,0,0,0,0,0,0,0,0,0,0,0,1,,,90,409
1,4,191,3,,0,8,0.000,0.000,0,0,,1,0,,,,8,0,0,0,0,0,0,0,0,0,0,0,1,,,90,459
1,4,191,3,,0,8,0.000,0.000,0,0,,1,0,,,,8,0,0,0,0,0,0,0,0,0,0,0,1,,,90,459
1,4,878,3,,0,2,0.000,0.000,0,0,,1,0,,,,2,0,0,0,0,0,0,0,0,0,0,0,1,,,37,431
1,4,878,3,,0,2,0.000,0.000,0,0,,1,0,,,,2,0,0,0,0,0,0,0,0,0,0,0,1,,,37,431
1,4,1027,3,,0,50,0.000,0.000,0,0,,1,0,,,,50,0,0,0,0,0,0,0,0,0,0,0,1,,,37,431
1,4,1027,3,,0,50,0.000,0.000,0,0,,1,0,,,,50,0,0,0,0,0,0,0,0,0,0,0,1,,,37,431
1,4,876,3,,0,64,0.000,0.000,0,0,,1,0,,,,64,0,0,0,0,0,0,0,0,0,0,0,1,,,37,431
1,4,876,3,,0,64,0.000,0.000,0,0,,1,0,,,,64,0,0,0,0,0,0,0,0,0,0,0,1,,,37,431
1,4,877,3,,0,48,0.000,0.000,0,0,,1,0,,,,48,0,0,0,0,0,0,0,0,0,0,0,1,,,37,431
1,4,877,3,,0,48,0.000,0.000,0,0,,1,0,,,,48,0,0,0,0,0,0,0,0,0,0,0,1,,,37,431
1,4,1030,3,,0,40,0.000,0.000,0,0,,1,0,,,,40,0,0,0,0,0,0,0,0,0,0,0,1,,,37,431
1,4,1030,3,,0,40,0.000,0.000,0,0,,1,0,,,,40,0,0,0,0,0,0,0,0,0,0,0,1,,,37,431
1,4,1040,3,,0,40,0.000,0.000,0,0,,1,0,,,,40,0,0,0,0,0,0,0,0,0,0,0,1,,,37,444
1,4,1040,3,,0,40,0.000,0.000,0,0,,1,0,,,,40,0,0,0,0,0,0,0,0,0,0,0,1,,,37,444
1,4,1009,3,,0,8,0.000,0.000,0,0,,1,0,,,,8,0,0,0,0,0,0,0,0,0,0,0,1,,,37,431
1,4,1009,3,,0,8,0.000,0.000,0,0,,1,0,,,,8,0,0,0,0,0,0,0,0,0,0,0,1,,,37,431
1,4,864,3,,0,20,0.000,0.000,0,0,,1,0,,,,20,0,0,0,0,0,0,0,0,0,0,0,1,,,37,431
1,4,864,3,,0,20,0.000,0.000,0,0,,1,0,,,,20,0,0,0,0,0,0,0,0,0,0,0,1,,,37,431
1,4,834,3,,0,17,0.000,0.000,0,0,,1,0,,,,17,0,0,0,0,0,0,0,0,0,0,0,1,,,37,431
1,4,834,3,,0,17,0.000,0.000,0,0,,1,0,,,,17,0,0,0,0,0,0,0,0,0,0,0,1,,,37,431
1,4,956,3,,0,40,0.000,0.000,0,0,,1,0,,,,40,0,0,0,0,0,0,0,0,0,0,0,1,,,36,62
1,4,956,3,,0,40,0.000,0.000,0,0,,1,0,,,,40,0,0,0,0,0,0,0,0,0,0,0,1,,,36,62
1,4,866,3,,0,32,0.000,0.000,0,0,,1,0,,,,32,0,0,0,0,0,0,0,0,0,0,0,1,,,37,431
1,4,866,3,,0,32,0.000,0.000,0,0,,1,0,,,,32,0,0,0,0,0,0,0,0,0,0,0,1,,,37,431
1,4,868,3,,0,42,0.000,0.000,0,0,,1,0,,,,42,0,0,0,0,0,0,0,0,0,0,0,1,,,37,431
1,4,868,3,,0,42,0.000,0.000,0,0,,1,0,,,,42,0,0,0,0,0,0,0,0,0,0,0,1,,,37,431
1,4,867,3,,0,50,0.000,0.000,0,0,,1,0,,,,50,0,0,0,0,0,0,0,0,0,0,0,1,,,37,431
1,4,867,3,,0,50,0.000,0.000,0,0,,1,0,,,,50,0,0,0,0,0,0,0,0,0,0,0,1,,,37,431
1,4,1028,3,,0,40,0.000,0.000,0,0,,1,0,,,,40,0,0,0,0,0,0,0,0,0,0,0,1,,,37,431
1,4,1028,3,,0,40,0.000,0.000,0,0,,1,0,,,,40,0,0,0,0,0,0,0,0,0,0,0,1,,,37,431
1,4,1021,3,,0,22,0.000,0.000,0,0,,1,0,,,,22,0,0,0,0,0,0,0,0,0,0,0,1,,,37,431
1,4,1021,3,,0,22,0.000,0.000,0,0,,1,0,,,,22,0,0,0,0,0,0,0,0,0,0,0,1,,,37,431
1,4,1032,3,,0,101,0.000,0.000,0,0,,1,0,,,,101,0,0,0,0,0,0,0,0,0,0,0,1,,,37,431
1,4,1032,3,,0,101,0.000,0.000,0,0,,1,0,,,,101,0,0,0,0,0,0,0,0,0,0,0,1,,,37,431
1,4,955,3,,0,150,0.000,0.000,0,0,,1,0,,,,150,0,0,0,0,0,0,0,0,0,0,0,1,,,37,431
1,4,955,3,,0,150,0.000,0.000,0,0,,1,0,,,,150,0,0,0,0,0,0,0,0,0,0,0,1,,,37,431
1,4,954,3,,0,107,0.000,0.000,0,0,,1,0,,,,107,0,0,0,0,0,0,0,0,0,0,0,1,,,37,431
1,4,954,3,,0,107,0.000,0.000,0,0,,1,0,,,,107,0,0,0,0,0,0,0,0,0,0,0,1,,,37,431
1,4,873,3,,0,4,0.000,0.000,0,0,,1,0,,,,4,0,0,0,0,0,0,0,0,0,0,0,1,,,37,431
1,4,873,3,,0,4,0.000,0.000,0,0,,1,0,,,,4,0,0,0,0,0,0,0,0,0,0,0,1,,,37,431
1,4,870,3,,0,8,0.000,0.000,0,0,,1,0,,,,8,0,0,0,0,0,0,0,0,0,0,0,1,,,37,431
1,4,870,3,,0,8,0.000,0.000,0,0,,1,0,,,,8,0,0,0,0,0,0,0,0,0,0,0,1,,,37,431
1,4,1023,3,,0,20,0.000,0.000,0,0,,1,0,,,,20,0,0,0,0,0,0,0,0,0,0,0,1,,,37,431
1,4,1023,3,,0,20,0.000,0.000,0,0,,1,0,,,,20,0,0,0,0,0,0,0,0,0,0,0,1,,,37,431
1,4,1039,3,,0,48,0.000,0.000,0,0,,1,0,,,,48,0,0,0,0,0,0,0,0,0,0,0,1,,,37,431
1,4,1039,3,,0,48,0.000,0.000,0,0,,1,0,,,,48,0,0,0,0,0,0,0,0,0,0,0,1,,,37,431
1,4,1033,3,,0,72,0.000,0.000,0,0,,1,0,,,,72,0,0,0,0,0,0,0,0,0,0,0,1,,,37,431
1,4,1033,3,,0,72,0.000,0.000,0,0,,1,0,,,,72,0,0,0,0,0,0,0,0,0,0,0,1,,,37,431
1,4,1029,3,,0,48,0.000,0.000,0,0,,1,0,,,,48,0,0,0,0,0,0,0,0,0,0,0,1,,,37,431
1,4,1029,3,,0,48,0.000,0.000,0,0,,1,0,,,,48,0,0,0,0,0,0,0,0,0,0,0,1,,,37,431
1,4,1025,3,,0,11,0.000,0.000,0,0,,1,0,,,,11,0,0,0,0,0,0,0,0,0,0,0,1,,,37,431
1,4,1025,3,,0,11,0.000,0.000,0,0,,1,0,,,,11,0,0,0,0,0,0,0,0,0,0,0,1,,,37,431
1,4,1018,3,,0,34,0.000,0.000,0,0,,1,0,,,,34,0,0,0,0,0,0,0,0,0,0,0,1,,,37,431
1,4,1018,3,,0,34,0.000,0.000,0,0,,1,0,,,,34,0,0,0,0,0,0,0,0,0,0,0,1,,,37,431
1,4,1024,3,,0,17,0.000,0.000,0,0,,1,0,,,,17,0,0,0,0,0,0,0,0,0,0,0,1,,,37,431
1,4,1024,3,,0,17,0.000,0.000,0,0,,1,0,,,,17,0,0,0,0,0,0,0,0,0,0,0,1,,,37,431
1,4,669,3,,0,1,0.000,0.000,0,0,,1,0,,,,1,0,0,0,0,0,0,0,0,0,0,0,1,,,37,431
1,4,669,3,,0,1,0.000,0.000,0,0,,1,0,,,,1,0,0,0,0,0,0,0,0,0,0,0,1,,,37,431
1,4,1022,3,,0,10,0.000,0.000,0,0,,1,0,,,,10,0,0,0,0,0,0,0,0,0,0,0,1,,,37,431
1,4,1022,3,,0,10,0.000,0.000,0,0,,1,0,,,,10,0,0,0,0,0,0,0,0,0,0,0,1,,,37,431
1,4,781,3,,0,30,0.000,0.000,0,0,,1,0,,,,30,0,0,0,0,0,0,0,0,0,0,0,1,,,37,431
1,4,781,3,,0,30,0.000,0.000,0,0,,1,0,,,,30,0,0,0,0,0,0,0,0,0,0,0,1,,,37,431
1,4,766,3,,0,47,0.000,0.000,0,0,,1,0,,,,47,0,0,0,0,0,0,0,0,0,0,0,1,,,37,431
1,4,766,3,,0,47,0.000,0.000,0,0,,1,0,,,,47,0,0,0,0,0,0,0,0,0,0,0,1,,,37,431
1,4,823,3,,0,16,0.000,0.000,0,0,,1,0,,,,16,0,0,0,0,0,0,0,0,0,0,0,1,,,37,431
1,4,823,3,,0,16,0.000,0.000,0,0,,1,0,,,,16,0,0,0,0,0,0,0,0,0,0,0,1,,,37,431
1,4,751,3,,0,10,0.000,0.000,0,0,,1,0,,,,10,0,0,0,0,0,0,0,0,0,0,0,1,,,37,431
1,4,751,3,,0,10,0.000,0.000,0,0,,1,0,,,,10,0,0,0,0,0,0,0,0,0,0,0,1,,,37,431
1,4,752,3,,0,10,0.000,0.000,0,0,,1,0,,,,10,0,0,0,0,0,0,0,0,0,0,0,1,,,37,431
1,4,752,3,,0,10,0.000,0.000,0,0,,1,0,,,,10,0,0,0,0,0,0,0,0,0,0,0,1,,,37,431
1,4,875,3,,0,10,0.000,0.000,0,0,,1,0,,,,10,0,0,0,0,0,0,0,0,0,0,0,1,,,37,431
1,4,875,3,,0,10,0.000,0.000,0,0,,1,0,,,,10,0,0,0,0,0,0,0,0,0,0,0,1,,,37,431
1,4,178,3,,0,0,0.000,0.000,0,0,,1,0,,,,0,0,0,0,0,0,0,0,0,0,0,0,1,,,86,51
1,4,178,3,,0,0,0.000,0.000,0,0,,1,0,,,,0,0,0,0,0,0,0,0,0,0,0,0,1,,,86,51
1,4,181,3,,0,0,0.000,0.000,0,0,,1,0,,,,0,0,0,0,0,0,0,0,0,0,0,0,1,,,86,51
1,4,181,3,,0,0,0.000,0.000,0,0,,1,0,,,,0,0,0,0,0,0,0,0,0,0,0,0,1,,,86,51
1,4,179,3,,0,5,0.000,0.000,0,0,,1,0,,,,5,0,0,0,0,0,0,0,0,0,0,0,1,,,86,51
1,4,179,3,,0,5,0.000,0.000,0,0,,1,0,,,,5,0,0,0,0,0,0,0,0,0,0,0,1,,,86,51
1,4,182,3,,0,0,0.000,0.000,0,0,,1,0,,,,0,0,0,0,0,0,0,0,0,0,0,0,1,,,86,51
1,4,182,3,,0,0,0.000,0.000,0,0,,1,0,,,,0,0,0,0,0,0,0,0,0,0,0,0,1,,,86,51
1,4,146,3,,0,62,0.000,0.000,0,0,,1,0,,,,62,0,0,0,0,0,0,0,0,0,0,0,1,,,86,51
1,4,146,3,,0,62,0.000,0.000,0,0,,1,0,,,,62,0,0,0,0,0,0,0,0,0,0,0,1,,,86,51
1,4,991,3,,0,90,0.000,0.000,0,0,,1,0,,,,90,0,0,0,0,0,0,0,0,0,0,0,1,,,34,348
1,4,991,3,,0,90,0.000,0.000,0,0,,1,0,,,,90,0,0,0,0,0,0,0,0,0,0,0,1,,,34,348
1,4,249,3,,0,4,0.000,0.000,0,0,,1,0,,,,4,0,0,0,0,0,0,0,0,0,0,0,1,,,86,68
1,4,249,3,,0,4,0.000,0.000,0,0,,1,0,,,,4,0,0,0,0,0,0,0,0,0,0,0,1,,,86,68
1,4,252,3,,0,3,0.000,0.000,0,0,,1,0,,,,3,0,0,0,0,0,0,0,0,0,0,0,1,,,86,68
1,4,252,3,,0,3,0.000,0.000,0,0,,1,0,,,,3,0,0,0,0,0,0,0,0,0,0,0,1,,,86,68
1,4,185,3,,0,2,0.000,0.000,0,0,,1,0,,,,2,0,0,0,0,0,0,0,0,0,0,0,1,,,86,51
1,4,185,3,,0,2,0.000,0.000,0,0,,1,0,,,,2,0,0,0,0,0,0,0,0,0,0,0,1,,,86,51
1,4,760,3,,0,17,0.000,0.000,0,0,,1,0,,,,17,0,0,0,0,0,0,0,0,0,0,0,1,,,34,436
1,4,760,3,,0,17,0.000,0.000,0,0,,1,0,,,,17,0,0,0,0,0,0,0,0,0,0,0,1,,,34,436
1,4,759,3,,0,12,0.000,0.000,0,0,,1,0,,,,12,0,0,0,0,0,0,0,0,0,0,0,1,,,34,436
1,4,759,3,,0,12,0.000,0.000,0,0,,1,0,,,,12,0,0,0,0,0,0,0,0,0,0,0,1,,,34,436
1,4,1087,3,,0,14,0.000,0.000,0,0,,1,0,,,,14,0,0,0,0,0,0,0,0,0,0,0,1,,,33,320
1,4,1087,3,,0,14,0.000,0.000,0,0,,1,0,,,,14,0,0,0,0,0,0,0,0,0,0,0,1,,,33,320
1,4,1095,3,,0,17,0.000,0.000,0,0,,1,0,,,,17,0,0,0,0,0,0,0,0,0,0,0,1,,,33,320
1,4,1095,3,,0,17,0.000,0.000,0,0,,1,0,,,,17,0,0,0,0,0,0,0,0,0,0,0,1,,,33,320
1,4,1094,3,,0,22,0.000,0.000,0,0,,1,0,,,,22,0,0,0,0,0,0,0,0,0,0,0,1,,,33,320
1,4,1094,3,,0,22,0.000,0.000,0,0,,1,0,,,,22,0,0,0,0,0,0,0,0,0,0,0,1,,,33,320
1,4,1093,3,,0,9,0.000,0.000,0,0,,1,0,,,,9,0,0,0,0,0,0,0,0,0,0,0,1,,,33,320
1,4,1093,3,,0,9,0.000,0.000,0,0,,1,0,,,,9,0,0,0,0,0,0,0,0,0,0,0,1,,,33,320
1,4,564,3,,0,24,0.000,0.000,0,0,,1,0,,,,24,0,0,0,0,0,0,0,0,0,0,0,1,,,33,320
1,4,564,3,,0,24,0.000,0.000,0,0,,1,0,,,,24,0,0,0,0,0,0,0,0,0,0,0,1,,,33,320
1,4,957,3,,0,25,0.000,0.000,0,0,,1,0,,,,25,0,0,0,0,0,0,0,0,0,0,0,1,,,33,320
1,4,957,3,,0,25,0.000,0.000,0,0,,1,0,,,,25,0,0,0,0,0,0,0,0,0,0,0,1,,,33,320
1,4,958,3,,0,20,0.000,0.000,0,0,,1,0,,,,20,0,0,0,0,0,0,0,0,0,0,0,1,,,33,320
1,4,958,3,,0,20,0.000,0.000,0,0,,1,0,,,,20,0,0,0,0,0,0,0,0,0,0,0,1,,,33,320
1,4,959,3,,0,35,0.000,0.000,0,0,,1,0,,,,35,0,0,0,0,0,0,0,0,0,0,0,1,,,33,320
1,4,959,3,,0,35,0.000,0.000,0,0,,1,0,,,,35,0,0,0,0,0,0,0,0,0,0,0,1,,,33,320
1,4,842,3,,0,13,0.000,0.000,0,0,,1,0,,,,13,0,0,0,0,0,0,0,0,0,0,0,1,,,33,53
1,4,842,3,,0,13,0.000,0.000,0,0,,1,0,,,,13,0,0,0,0,0,0,0,0,0,0,0,1,,,33,53
1,4,109,3,,0,14,0.000,0.000,0,0,,1,0,,,,14,0,0,0,0,0,0,0,0,0,0,0,1,,,79,57
1,4,109,3,,0,14,0.000,0.000,0,0,,1,0,,,,14,0,0,0,0,0,0,0,0,0,0,0,1,,,79,57
1,4,1011,3,,0,16,0.000,0.000,0,0,,1,0,,,,16,0,0,0,0,0,0,0,0,0,0,0,1,,,79,66
1,4,1011,3,,0,16,0.000,0.000,0,0,,1,0,,,,16,0,0,0,0,0,0,0,0,0,0,0,1,,,79,66
1,4,1010,3,,0,26,0.000,0.000,0,0,,1,0,,,,26,0,0,0,0,0,0,0,0,0,0,0,1,,,79,66
1,4,1010,3,,0,26,0.000,0.000,0,0,,1,0,,,,26,0,0,0,0,0,0,0,0,0,0,0,1,,,79,66
1,4,1004,3,,0,5,0.000,0.000,0,0,,1,0,,,,5,0,0,0,0,0,0,0,0,0,0,0,1,,,79,66
1,4,1004,3,,0,5,0.000,0.000,0,0,,1,0,,,,5,0,0,0,0,0,0,0,0,0,0,0,1,,,79,66
1,4,609,3,,0,40,0.000,0.000,0,0,,1,0,,,,40,0,0,0,0,0,0,0,0,0,0,0,1,,,79,66
1,4,609,3,,0,40,0.000,0.000,0,0,,1,0,,,,40,0,0,0,0,0,0,0,0,0,0,0,1,,,79,66
1,4,767,3,,0,33,0.000,0.000,0,0,,1,0,,,,33,0,0,0,0,0,0,0,0,0,0,0,1,,,79,66
1,4,767,3,,0,33,0.000,0.000,0,0,,1,0,,,,33,0,0,0,0,0,0,0,0,0,0,0,1,,,79,66
1,4,857,3,,0,30,0.000,0.000,0,0,,1,0,,,,30,0,0,0,0,0,0,0,0,0,0,0,1,,,79,66
1,4,857,3,,0,30,0.000,0.000,0,0,,1,0,,,,30,0,0,0,0,0,0,0,0,0,0,0,1,,,79,66
1,4,608,3,,0,25,0.000,0.000,0,0,,1,0,,,,25,0,0,0,0,0,0,0,0,0,0,0,1,,,79,66
1,4,608,3,,0,25,0.000,0.000,0,0,,1,0,,,,25,0,0,0,0,0,0,0,0,0,0,0,1,,,79,66
1,4,112,3,,0,20,0.000,0.000,0,0,,1,0,,,,20,0,0,0,0,0,0,0,0,0,0,0,1,,,79,86
1,4,112,3,,0,20,0.000,0.000,0,0,,1,0,,,,20,0,0,0,0,0,0,0,0,0,0,0,1,,,79,86
1,4,113,3,,0,20,0.000,0.000,0,0,,1,0,,,,20,0,0,0,0,0,0,0,0,0,0,0,1,,,79,86
1,4,113,3,,0,20,0.000,0.000,0,0,,1,0,,,,20,0,0,0,0,0,0,0,0,0,0,0,1,,,79,86
1,4,1002,3,,0,27,0.000,0.000,0,0,,1,0,,,,27,0,0,0,0,0,0,0,0,0,0,0,1,,,79,66
1,4,1002,3,,0,27,0.000,0.000,0,0,,1,0,,,,27,0,0,0,0,0,0,0,0,0,0,0,1,,,79,66
1,4,1003,3,,0,23,0.000,0.000,0,0,,1,0,,,,23,0,0,0,0,0,0,0,0,0,0,0,1,,,79,66
1,4,1003,3,,0,23,0.000,0.000,0,0,,1,0,,,,23,0,0,0,0,0,0,0,0,0,0,0,1,,,79,66
1,4,157,3,,0,7,0.000,0.000,0,0,,1,0,,,,7,0,0,0,0,0,0,0,0,0,0,0,1,,,79,86
1,4,157,3,,0,7,0.000,0.000,0,0,,1,0,,,,7,0,0,0,0,0,0,0,0,0,0,0,1,,,79,86
1,4,1005,3,,0,2,0.000,0.000,0,0,,1,0,,,,2,0,0,0,0,0,0,0,0,0,0,0,1,,,79,66
1,4,1005,3,,0,2,0.000,0.000,0,0,,1,0,,,,2,0,0,0,0,0,0,0,0,0,0,0,1,,,79,66
1,4,575,3,,0,15,0.000,0.000,0,0,,1,0,,,,15,0,0,0,0,0,0,0,0,0,0,0,1,,,79,83
1,4,575,3,,0,15,0.000,0.000,0,0,,1,0,,,,15,0,0,0,0,0,0,0,0,0,0,0,1,,,79,83
1,4,573,3,,0,4,0.000,0.000,0,0,,1,0,,,,4,0,0,0,0,0,0,0,0,0,0,0,1,,,79,83
1,4,573,3,,0,4,0.000,0.000,0,0,,1,0,,,,4,0,0,0,0,0,0,0,0,0,0,0,1,,,79,83
1,4,860,3,,0,47,0.000,0.000,0,0,,1,0,,,,47,0,0,0,0,0,0,0,0,0,0,0,1,,,79,83
1,4,860,3,,0,47,0.000,0.000,0,0,,1,0,,,,47,0,0,0,0,0,0,0,0,0,0,0,1,,,79,83
1,4,861,3,,0,0,0.000,0.000,0,0,,1,0,,,,0,0,0,0,0,0,0,0,0,0,0,0,1,,,79,83
1,4,861,3,,0,0,0.000,0.000,0,0,,1,0,,,,0,0,0,0,0,0,0,0,0,0,0,0,1,,,79,83
1,4,1026,3,,0,9,0.000,0.000,0,0,,1,0,,,,9,0,0,0,0,0,0,0,0,0,0,0,1,,,79,83
1,4,1026,3,,0,9,0.000,0.000,0,0,,1,0,,,,9,0,0,0,0,0,0,0,0,0,0,0,1,,,79,83
1,4,226,3,,0,5,0.000,0.000,0,0,,1,0,,,,5,0,0,0,0,0,0,0,0,0,0,0,1,,,92,412
1,4,226,3,,0,5,0.000,0.000,0,0,,1,0,,,,5,0,0,0,0,0,0,0,0,0,0,0,1,,,92,412
1,4,566,3,,0,22,0.000,0.000,0,0,,1,0,,,,22,0,0,0,0,0,0,0,0,0,0,0,1,,,92,412
1,4,566,3,,0,22,0.000,0.000,0,0,,1,0,,,,22,0,0,0,0,0,0,0,0,0,0,0,1,,,92,412
1,4,593,3,,0,0,0.000,0.000,0,0,,1,0,,,,0,0,0,0,0,0,0,0,0,0,0,0,1,,,92,412
1,4,593,3,,0,0,0.000,0.000,0,0,,1,0,,,,0,0,0,0,0,0,0,0,0,0,0,0,1,,,92,412
1,4,960,3,,0,21,0.000,0.000,0,0,,1,0,,,,21,0,0,0,0,0,0,0,0,0,0,0,1,,,33,320
1,4,960,3,,0,21,0.000,0.000,0,0,,1,0,,,,21,0,0,0,0,0,0,0,0,0,0,0,1,,,33,320
1,4,488,3,,0,50,0.000,0.000,0,0,,1,0,,,,50,0,0,0,0,0,0,0,0,0,0,0,1,,,82,354
1,4,488,3,,0,50,0.000,0.000,0,0,,1,0,,,,50,0,0,0,0,0,0,0,0,0,0,0,1,,,82,354
1,4,482,3,,0,300,0.000,0.000,0,0,,1,0,,,,300,0,0,0,0,0,0,0,0,0,0,0,1,,,82,354
1,4,482,3,,0,300,0.000,0.000,0,0,,1,0,,,,300,0,0,0,0,0,0,0,0,0,0,0,1,,,82,354
1,4,443,3,,0,50,0.000,0.000,0,0,,1,0,,,,50,0,0,0,0,0,0,0,0,0,0,0,1,,,82,354
1,4,443,3,,0,50,0.000,0.000,0,0,,1,0,,,,50,0,0,0,0,0,0,0,0,0,0,0,1,,,82,354
1,4,394,3,,0,31,0.000,0.000,0,0,,1,0,,,,31,0,0,0,0,0,0,0,0,0,0,0,1,,,103,56
1,4,394,3,,0,31,0.000,0.000,0,0,,1,0,,,,31,0,0,0,0,0,0,0,0,0,0,0,1,,,103,56
1,4,364,3,,0,352,0.000,0.000,0,0,,1,0,,,,352,0,0,0,0,0,0,0,0,0,0,0,1,,,82,353
1,4,364,3,,0,352,0.000,0.000,0,0,,1,0,,,,352,0,0,0,0,0,0,0,0,0,0,0,1,,,82,353
1,4,480,3,,0,100,0.000,0.000,0,0,,1,0,,,,100,0,0,0,0,0,0,0,0,0,0,0,1,,,82,354
1,4,480,3,,0,100,0.000,0.000,0,0,,1,0,,,,100,0,0,0,0,0,0,0,0,0,0,0,1,,,82,354
1,4,454,3,,0,0.65,0.000,0.000,0,0,,1,0,,,,0.65,0,0,0,0,0,0,0,0,0,0,0,1,,,82,353
1,4,454,3,,0,0.65,0.000,0.000,0,0,,1,0,,,,0.65,0,0,0,0,0,0,0,0,0,0,0,1,,,82,353
1,4,359,3,,0,1,0.000,0.000,0,0,,1,0,,,,1,0,0,0,0,0,0,0,0,0,0,0,1,,,82,353
1,4,359,3,,0,1,0.000,0.000,0,0,,1,0,,,,1,0,0,0,0,0,0,0,0,0,0,0,1,,,82,353
1,4,490,3,,0,50,0.000,0.000,0,0,,1,0,,,,50,0,0,0,0,0,0,0,0,0,0,0,1,,,82,353
1,4,490,3,,0,50,0.000,0.000,0,0,,1,0,,,,50,0,0,0,0,0,0,0,0,0,0,0,1,,,82,353
1,4,458,3,,0,1,0.000,0.000,0,0,,1,0,,,,1,0,0,0,0,0,0,0,0,0,0,0,1,,,82,354
1,4,458,3,,0,1,0.000,0.000,0,0,,1,0,,,,1,0,0,0,0,0,0,0,0,0,0,0,1,,,82,354
1,4,287,3,,0,10,0.000,0.000,0,0,,1,0,,,,10,0,0,0,0,0,0,0,0,0,0,0,1,,,82,354
1,4,287,3,,0,10,0.000,0.000,0,0,,1,0,,,,10,0,0,0,0,0,0,0,0,0,0,0,1,,,82,354
1,4,489,3,,0,50,0.000,0.000,0,0,,1,0,,,,50,0,0,0,0,0,0,0,0,0,0,0,1,,,82,354
1,4,489,3,,0,50,0.000,0.000,0,0,,1,0,,,,50,0,0,0,0,0,0,0,0,0,0,0,1,,,82,354
1,4,518,3,,0,112,0.000,0.000,0,0,,1,0,,,,112,0,0,0,0,0,0,0,0,0,0,0,1,,,82,353
1,4,518,3,,0,112,0.000,0.000,0,0,,1,0,,,,112,0,0,0,0,0,0,0,0,0,0,0,1,,,82,353
1,4,435,3,,0,17640.998,0.000,0.000,0,0,,1,0,,,,17640.998,0,0,0,0,0,0,0,0,0,0,0,1,,,82,354
1,4,435,3,,0,17640.998,0.000,0.000,0,0,,1,0,,,,17640.998,0,0,0,0,0,0,0,0,0,0,0,1,,,82,354
1,4,520,3,,0,112,0.000,0.000,0,0,,1,0,,,,112,0,0,0,0,0,0,0,0,0,0,0,1,,,82,354
1,4,520,3,,0,112,0.000,0.000,0,0,,1,0,,,,112,0,0,0,0,0,0,0,0,0,0,0,1,,,82,354
1,4,318,3,,0,916,0.000,0.000,0,0,,1,0,,,,916,0,0,0,0,0,0,0,0,0,0,0,1,,,82,353
1,4,318,3,,0,916,0.000,0.000,0,0,,1,0,,,,916,0,0,0,0,0,0,0,0,0,0,0,1,,,82,353
1,4,319,3,,0,27,0.000,0.000,0,0,,1,0,,,,27,0,0,0,0,0,0,0,0,0,0,0,1,,,82,353
1,4,319,3,,0,27,0.000,0.000,0,0,,1,0,,,,27,0,0,0,0,0,0,0,0,0,0,0,1,,,82,353
1,4,481,3,,0,150,0.000,0.000,0,0,,1,0,,,,150,0,0,0,0,0,0,0,0,0,0,0,1,,,82,354
1,4,481,3,,0,150,0.000,0.000,0,0,,1,0,,,,150,0,0,0,0,0,0,0,0,0,0,0,1,,,82,354
1,4,316,3,,0,316,0.000,0.000,0,0,,1,0,,,,316,0,0,0,0,0,0,0,0,0,0,0,1,,,82,353
1,4,316,3,,0,316,0.000,0.000,0,0,,1,0,,,,316,0,0,0,0,0,0,0,0,0,0,0,1,,,82,353
1,4,871,3,,0,18,0.000,0.000,0,0,,1,0,,,,18,0,0,0,0,0,0,0,0,0,0,0,1,,,37,431
1,4,871,3,,0,18,0.000,0.000,0,0,,1,0,,,,18,0,0,0,0,0,0,0,0,0,0,0,1,,,37,431
1,4,869,3,,0,57,0.000,0.000,0,0,,1,0,,,,57,0,0,0,0,0,0,0,0,0,0,0,1,,,37,431
1,4,869,3,,0,57,0.000,0.000,0,0,,1,0,,,,57,0,0,0,0,0,0,0,0,0,0,0,1,,,37,431
1,4,175,3,,0,15,0.000,0.000,0,0,,1,0,,,,15,0,0,0,0,0,0,0,0,0,0,0,1,,,79,86
1,4,175,3,,0,15,0.000,0.000,0,0,,1,0,,,,15,0,0,0,0,0,0,0,0,0,0,0,1,,,79,86
1,4,174,3,,0,10,0.000,0.000,0,0,,1,0,,,,10,0,0,0,0,0,0,0,0,0,0,0,1,,,79,86
1,4,174,3,,0,10,0.000,0.000,0,0,,1,0,,,,10,0,0,0,0,0,0,0,0,0,0,0,1,,,79,86
1,4,83,3,,0,22,0.000,0.000,0,0,,1,0,,,,22,0,0,0,0,0,0,0,0,0,0,0,1,,,79,86
1,4,83,3,,0,22,0.000,0.000,0,0,,1,0,,,,22,0,0,0,0,0,0,0,0,0,0,0,1,,,79,86
1,4,82,3,,0,16,0.000,0.000,0,0,,1,0,,,,16,0,0,0,0,0,0,0,0,0,0,0,1,,,79,86
1,4,82,3,,0,16,0.000,0.000,0,0,,1,0,,,,16,0,0,0,0,0,0,0,0,0,0,0,1,,,79,86
1,4,712,3,,0,2,0.000,0.000,0,0,,1,0,,,,2,0,0,0,0,0,0,0,0,0,0,0,1,,,33,355
1,4,712,3,,0,2,0.000,0.000,0,0,,1,0,,,,2,0,0,0,0,0,0,0,0,0,0,0,1,,,33,355
1,4,809,3,,0,16,0.000,0.000,0,0,,1,0,,,,16,0,0,0,0,0,0,0,0,0,0,0,1,,,79,83
1,4,809,3,,0,16,0.000,0.000,0,0,,1,0,,,,16,0,0,0,0,0,0,0,0,0,0,0,1,,,79,83
1,4,650,3,,0,10,0.000,0.000,0,0,,1,0,,,,10,0,0,0,0,0,0,0,0,0,0,0,1,,,79,83
1,4,650,3,,0,10,0.000,0.000,0,0,,1,0,,,,10,0,0,0,0,0,0,0,0,0,0,0,1,,,79,83
1,4,649,3,,0,8,0.000,0.000,0,0,,1,0,,,,8,0,0,0,0,0,0,0,0,0,0,0,1,,,79,83
1,4,649,3,,0,8,0.000,0.000,0,0,,1,0,,,,8,0,0,0,0,0,0,0,0,0,0,0,1,,,79,83
1,4,764,3,,0,7,0.000,0.000,0,0,,1,0,,,,7,0,0,0,0,0,0,0,0,0,0,0,1,,,79,83
1,4,764,3,,0,7,0.000,0.000,0,0,,1,0,,,,7,0,0,0,0,0,0,0,0,0,0,0,1,,,79,83
1,4,223,3,,0,11,0.000,0.000,0,0,,1,0,,,,11,0,0,0,0,0,0,0,0,0,0,0,1,,,79,83
1,4,223,3,,0,11,0.000,0.000,0,0,,1,0,,,,11,0,0,0,0,0,0,0,0,0,0,0,1,,,79,83
1,4,110,3,,0,28,0.000,0.000,0,0,,1,0,,,,28,0,0,0,0,0,0,0,0,0,0,0,1,,,79,57
1,4,110,3,,0,28,0.000,0.000,0,0,,1,0,,,,28,0,0,0,0,0,0,0,0,0,0,0,1,,,79,57
1,4,107,3,,0,4,0.000,0.000,0,0,,1,0,,,,4,0,0,0,0,0,0,0,0,0,0,0,1,,,79,57
1,4,107,3,,0,4,0.000,0.000,0,0,,1,0,,,,4,0,0,0,0,0,0,0,0,0,0,0,1,,,79,57
1,4,990,3,,0,12,0.000,0.000,0,0,,1,0,,,,12,0,0,0,0,0,0,0,0,0,0,0,1,,,79,336
1,4,990,3,,0,12,0.000,0.000,0,0,,1,0,,,,12,0,0,0,0,0,0,0,0,0,0,0,1,,,79,336
1,4,187,3,,0,43,0.000,0.000,0,0,,1,0,,,,43,0,0,0,0,0,0,0,0,0,0,0,1,,,79,86
1,4,187,3,,0,43,0.000,0.000,0,0,,1,0,,,,43,0,0,0,0,0,0,0,0,0,0,0,1,,,79,86
1,4,989,3,,0,11,0.000,0.000,0,0,,1,0,,,,11,0,0,0,0,0,0,0,0,0,0,0,1,,,79,336
1,4,989,3,,0,11,0.000,0.000,0,0,,1,0,,,,11,0,0,0,0,0,0,0,0,0,0,0,1,,,79,336
1,4,743,3,,0,18,0.000,0.000,0,0,,1,0,,,,18,0,0,0,0,0,0,0,0,0,0,0,1,,,79,336
1,4,743,3,,0,18,0.000,0.000,0,0,,1,0,,,,18,0,0,0,0,0,0,0,0,0,0,0,1,,,79,336
1,4,154,3,,0,10,0.000,0.000,0,0,,1,0,,,,10,0,0,0,0,0,0,0,0,0,0,0,1,,,79,86
1,4,154,3,,0,10,0.000,0.000,0,0,,1,0,,,,10,0,0,0,0,0,0,0,0,0,0,0,1,,,79,86
1,4,152,3,,0,22,0.000,0.000,0,0,,1,0,,,,22,0,0,0,0,0,0,0,0,0,0,0,1,,,79,86
1,4,152,3,,0,22,0.000,0.000,0,0,,1,0,,,,22,0,0,0,0,0,0,0,0,0,0,0,1,,,79,86
1,4,137,3,,0,19,0.000,0.000,0,0,,1,0,,,,19,0,0,0,0,0,0,0,0,0,0,0,1,,,79,86
1,4,137,3,,0,19,0.000,0.000,0,0,,1,0,,,,19,0,0,0,0,0,0,0,0,0,0,0,1,,,79,86
1,4,136,3,,0,30,0.000,0.000,0,0,,1,0,,,,30,0,0,0,0,0,0,0,0,0,0,0,1,,,79,86
1,4,136,3,,0,30,0.000,0.000,0,0,,1,0,,,,30,0,0,0,0,0,0,0,0,0,0,0,1,,,79,86
1,4,108,3,,0,22,0.000,0.000,0,0,,1,0,,,,22,0,0,0,0,0,0,0,0,0,0,0,1,,,79,86
1,4,108,3,,0,22,0.000,0.000,0,0,,1,0,,,,22,0,0,0,0,0,0,0,0,0,0,0,1,,,79,86
1,4,199,3,,0,55,0.000,0.000,0,0,,1,0,,,,55,0,0,0,0,0,0,0,0,0,0,0,1,,,79,86
1,4,199,3,,0,55,0.000,0.000,0,0,,1,0,,,,55,0,0,0,0,0,0,0,0,0,0,0,1,,,79,86
1,4,822,3,,0,90,0.000,0.000,0,0,,1,0,,,,90,0,0,0,0,0,0,0,0,0,0,0,1,,,79,66
1,4,822,3,,0,90,0.000,0.000,0,0,,1,0,,,,90,0,0,0,0,0,0,0,0,0,0,0,1,,,79,66
1,4,670,3,,0,13,0.000,0.000,0,0,,1,0,,,,13,0,0,0,0,0,0,0,0,0,0,0,1,,,79,410
1,4,670,3,,0,13,0.000,0.000,0,0,,1,0,,,,13,0,0,0,0,0,0,0,0,0,0,0,1,,,79,410
1,4,1059,3,,0,4,0.000,0.000,0,0,,1,0,,,,4,0,0,0,0,0,0,0,0,0,0,0,1,,,79,410
1,4,1059,3,,0,4,0.000,0.000,0,0,,1,0,,,,4,0,0,0,0,0,0,0,0,0,0,0,1,,,79,410
1,4,1061,3,,0,9,0.000,0.000,0,0,,1,0,,,,9,0,0,0,0,0,0,0,0,0,0,0,1,,,79,410
1,4,1061,3,,0,9,0.000,0.000,0,0,,1,0,,,,9,0,0,0,0,0,0,0,0,0,0,0,1,,,79,410
1,4,1060,3,,0,8,0.000,0.000,0,0,,1,0,,,,8,0,0,0,0,0,0,0,0,0,0,0,1,,,79,410
1,4,1060,3,,0,8,0.000,0.000,0,0,,1,0,,,,8,0,0,0,0,0,0,0,0,0,0,0,1,,,79,410
1,4,1062,3,,0,6,0.000,0.000,0,0,,1,0,,,,6,0,0,0,0,0,0,0,0,0,0,0,1,,,79,410
1,4,1062,3,,0,6,0.000,0.000,0,0,,1,0,,,,6,0,0,0,0,0,0,0,0,0,0,0,1,,,79,410
1,4,642,3,,0,14,0.000,0.000,0,0,,1,0,,,,14,0,0,0,0,0,0,0,0,0,0,0,1,,,79,410
1,4,642,3,,0,14,0.000,0.000,0,0,,1,0,,,,14,0,0,0,0,0,0,0,0,0,0,0,1,,,79,410
1,4,646,3,,0,7,0.000,0.000,0,0,,1,0,,,,7,0,0,0,0,0,0,0,0,0,0,0,1,,,79,410
1,4,646,3,,0,7,0.000,0.000,0,0,,1,0,,,,7,0,0,0,0,0,0,0,0,0,0,0,1,,,79,410
1,4,643,3,,0,24,0.000,0.000,0,0,,1,0,,,,24,0,0,0,0,0,0,0,0,0,0,0,1,,,79,410
1,4,643,3,,0,24,0.000,0.000,0,0,,1,0,,,,24,0,0,0,0,0,0,0,0,0,0,0,1,,,79,410
1,4,1046,3,,0,16,0.000,0.000,0,0,,1,0,,,,16,0,0,0,0,0,0,0,0,0,0,0,1,,,79,87
1,4,1046,3,,0,16,0.000,0.000,0,0,,1,0,,,,16,0,0,0,0,0,0,0,0,0,0,0,1,,,79,87
1,4,865,3,,0,6,0.000,0.000,0,0,,1,0,,,,6,0,0,0,0,0,0,0,0,0,0,0,1,,,79,87
1,4,865,3,,0,6,0.000,0.000,0,0,,1,0,,,,6,0,0,0,0,0,0,0,0,0,0,0,1,,,79,87
1,4,1047,3,,0,12,0.000,0.000,0,0,,1,0,,,,12,0,0,0,0,0,0,0,0,0,0,0,1,,,79,87
1,4,1047,3,,0,12,0.000,0.000,0,0,,1,0,,,,12,0,0,0,0,0,0,0,0,0,0,0,1,,,79,87
1,4,913,3,,0,11,0.000,0.000,0,0,,1,0,,,,11,0,0,0,0,0,0,0,0,0,0,0,1,,,79,87
1,4,913,3,,0,11,0.000,0.000,0,0,,1,0,,,,11,0,0,0,0,0,0,0,0,0,0,0,1,,,79,87
1,4,636,3,,0,50,0.000,0.000,0,0,,1,0,,,,50,0,0,0,0,0,0,0,0,0,0,0,1,,,79,410
1,4,636,3,,0,50,0.000,0.000,0,0,,1,0,,,,50,0,0,0,0,0,0,0,0,0,0,0,1,,,79,410
1,4,637,3,,0,21,0.000,0.000,0,0,,1,0,,,,21,0,0,0,0,0,0,0,0,0,0,0,1,,,79,410
1,4,637,3,,0,21,0.000,0.000,0,0,,1,0,,,,21,0,0,0,0,0,0,0,0,0,0,0,1,,,79,410
1,4,221,3,,0,7,0.000,0.000,0,0,,1,0,,,,7,0,0,0,0,0,0,0,0,0,0,0,1,,,79,410
1,4,221,3,,0,7,0.000,0.000,0,0,,1,0,,,,7,0,0,0,0,0,0,0,0,0,0,0,1,,,79,410
1,4,222,3,,0,34,0.000,0.000,0,0,,1,0,,,,34,0,0,0,0,0,0,0,0,0,0,0,1,,,79,410
1,4,222,3,,0,34,0.000,0.000,0,0,,1,0,,,,34,0,0,0,0,0,0,0,0,0,0,0,1,,,79,410
1,4,644,3,,0,29,0.000,0.000,0,0,,1,0,,,,29,0,0,0,0,0,0,0,0,0,0,0,1,,,79,410
1,4,644,3,,0,29,0.000,0.000,0,0,,1,0,,,,29,0,0,0,0,0,0,0,0,0,0,0,1,,,79,410
1,4,657,3,,0,14,0.000,0.000,0,0,,1,0,,,,14,0,0,0,0,0,0,0,0,0,0,0,1,,,79,410
1,4,657,3,,0,14,0.000,0.000,0,0,,1,0,,,,14,0,0,0,0,0,0,0,0,0,0,0,1,,,79,410
1,4,651,3,,0,9,0.000,0.000,0,0,,1,0,,,,9,0,0,0,0,0,0,0,0,0,0,0,1,,,79,410
1,4,651,3,,0,9,0.000,0.000,0,0,,1,0,,,,9,0,0,0,0,0,0,0,0,0,0,0,1,,,79,410
1,4,663,3,,0,26,0.000,0.000,0,0,,1,0,,,,26,0,0,0,0,0,0,0,0,0,0,0,1,,,79,410
1,4,663,3,,0,26,0.000,0.000,0,0,,1,0,,,,26,0,0,0,0,0,0,0,0,0,0,0,1,,,79,410
1,4,658,3,,0,20,0.000,0.000,0,0,,1,0,,,,20,0,0,0,0,0,0,0,0,0,0,0,1,,,79,410
1,4,658,3,,0,20,0.000,0.000,0,0,,1,0,,,,20,0,0,0,0,0,0,0,0,0,0,0,1,,,79,410
1,4,582,3,,0,1,0.000,0.000,0,0,,1,0,,,,1,0,0,0,0,0,0,0,0,0,0,0,1,,,79,87
1,4,582,3,,0,1,0.000,0.000,0,0,,1,0,,,,1,0,0,0,0,0,0,0,0,0,0,0,1,,,79,87
1,4,632,3,,0,6,0.000,0.000,0,0,,1,0,,,,6,0,0,0,0,0,0,0,0,0,0,0,1,,,79,87
1,4,632,3,,0,6,0.000,0.000,0,0,,1,0,,,,6,0,0,0,0,0,0,0,0,0,0,0,1,,,79,87
1,4,825,3,,0,16,0.000,0.000,0,0,,1,0,,,,16,0,0,0,0,0,0,0,0,0,0,0,1,,,79,87
1,4,825,3,,0,16,0.000,0.000,0,0,,1,0,,,,16,0,0,0,0,0,0,0,0,0,0,0,1,,,79,87
1,4,826,3,,0,36,0.000,0.000,0,0,,1,0,,,,36,0,0,0,0,0,0,0,0,0,0,0,1,,,79,87
1,4,826,3,,0,36,0.000,0.000,0,0,,1,0,,,,36,0,0,0,0,0,0,0,0,0,0,0,1,,,79,87
1,4,838,3,,0,28,0.000,0.000,0,0,,1,0,,,,28,0,0,0,0,0,0,0,0,0,0,0,1,,,79,87
1,4,838,3,,0,28,0.000,0.000,0,0,,1,0,,,,28,0,0,0,0,0,0,0,0,0,0,0,1,,,79,87
1,4,841,3,,0,12,0.000,0.000,0,0,,1,0,,,,12,0,0,0,0,0,0,0,0,0,0,0,1,,,79,87
1,4,841,3,,0,12,0.000,0.000,0,0,,1,0,,,,12,0,0,0,0,0,0,0,0,0,0,0,1,,,79,87
1,4,837,3,,0,29,0.000,0.000,0,0,,1,0,,,,29,0,0,0,0,0,0,0,0,0,0,0,1,,,79,87
1,4,837,3,,0,29,0.000,0.000,0,0,,1,0,,,,29,0,0,0,0,0,0,0,0,0,0,0,1,,,79,87
1,4,840,3,,0,16,0.000,0.000,0,0,,1,0,,,,16,0,0,0,0,0,0,0,0,0,0,0,1,,,79,87
1,4,840,3,,0,16,0.000,0.000,0,0,,1,0,,,,16,0,0,0,0,0,0,0,0,0,0,0,1,,,79,87
1,4,829,3,,0,4,0.000,0.000,0,0,,1,0,,,,4,0,0,0,0,0,0,0,0,0,0,0,1,,,79,87
1,4,829,3,,0,4,0.000,0.000,0,0,,1,0,,,,4,0,0,0,0,0,0,0,0,0,0,0,1,,,79,87
1,4,830,3,,0,13,0.000,0.000,0,0,,1,0,,,,13,0,0,0,0,0,0,0,0,0,0,0,1,,,79,87
1,4,830,3,,0,13,0.000,0.000,0,0,,1,0,,,,13,0,0,0,0,0,0,0,0,0,0,0,1,,,79,87
1,4,839,3,,0,13,0.000,0.000,0,0,,1,0,,,,13,0,0,0,0,0,0,0,0,0,0,0,1,,,79,87
1,4,839,3,,0,13,0.000,0.000,0,0,,1,0,,,,13,0,0,0,0,0,0,0,0,0,0,0,1,,,79,87
1,4,581,3,,0,1,0.000,0.000,0,0,,1,0,,,,1,0,0,0,0,0,0,0,0,0,0,0,1,,,79,87
1,4,581,3,,0,1,0.000,0.000,0,0,,1,0,,,,1,0,0,0,0,0,0,0,0,0,0,0,1,,,79,87
1,4,583,3,,0,58,0.000,0.000,0,0,,1,0,,,,58,0,0,0,0,0,0,0,0,0,0,0,1,,,79,87
1,4,583,3,,0,58,0.000,0.000,0,0,,1,0,,,,58,0,0,0,0,0,0,0,0,0,0,0,1,,,79,87
1,4,584,3,,0,4,0.000,0.000,0,0,,1,0,,,,4,0,0,0,0,0,0,0,0,0,0,0,1,,,79,87
1,4,584,3,,0,4,0.000,0.000,0,0,,1,0,,,,4,0,0,0,0,0,0,0,0,0,0,0,1,,,79,87
1,4,105,3,,0,14,0.000,0.000,0,0,,1,0,,,,14,0,0,0,0,0,0,0,0,0,0,0,1,,,79,57
1,4,105,3,,0,14,0.000,0.000,0,0,,1,0,,,,14,0,0,0,0,0,0,0,0,0,0,0,1,,,79,57
1,4,100,3,,0,11,0.000,0.000,0,0,,1,0,,,,11,0,0,0,0,0,0,0,0,0,0,0,1,,,79,57
1,4,100,3,,0,11,0.000,0.000,0,0,,1,0,,,,11,0,0,0,0,0,0,0,0,0,0,0,1,,,79,57
1,4,149,3,,0,6,0.000,0.000,0,0,,1,0,,,,6,0,0,0,0,0,0,0,0,0,0,0,1,,,79,57
1,4,149,3,,0,6,0.000,0.000,0,0,,1,0,,,,6,0,0,0,0,0,0,0,0,0,0,0,1,,,79,57
1,4,98,3,,0,27,0.000,0.000,0,0,,1,0,,,,27,0,0,0,0,0,0,0,0,0,0,0,1,,,79,57
1,4,98,3,,0,27,0.000,0.000,0,0,,1,0,,,,27,0,0,0,0,0,0,0,0,0,0,0,1,,,79,57
1,4,99,3,,0,17,0.000,0.000,0,0,,1,0,,,,17,0,0,0,0,0,0,0,0,0,0,0,1,,,79,57
1,4,99,3,,0,17,0.000,0.000,0,0,,1,0,,,,17,0,0,0,0,0,0,0,0,0,0,0,1,,,79,57
1,4,193,3,,0,1,0.000,0.000,0,0,,1,0,,,,1,0,0,0,0,0,0,0,0,0,0,0,1,,,79,57
1,4,193,3,,0,1,0.000,0.000,0,0,,1,0,,,,1,0,0,0,0,0,0,0,0,0,0,0,1,,,79,57
1,4,169,3,,0,34,0.000,0.000,0,0,,1,0,,,,34,0,0,0,0,0,0,0,0,0,0,0,1,,,79,57
1,4,169,3,,0,34,0.000,0.000,0,0,,1,0,,,,34,0,0,0,0,0,0,0,0,0,0,0,1,,,79,57
1,4,161,3,,0,23,0.000,0.000,0,0,,1,0,,,,23,0,0,0,0,0,0,0,0,0,0,0,1,,,79,57
1,4,161,3,,0,23,0.000,0.000,0,0,,1,0,,,,23,0,0,0,0,0,0,0,0,0,0,0,1,,,79,57
1,4,119,3,,0,11,0.000,0.000,0,0,,1,0,,,,11,0,0,0,0,0,0,0,0,0,0,0,1,,,79,57
1,4,119,3,,0,11,0.000,0.000,0,0,,1,0,,,,11,0,0,0,0,0,0,0,0,0,0,0,1,,,79,57
1,4,121,3,,0,21,0.000,0.000,0,0,,1,0,,,,21,0,0,0,0,0,0,0,0,0,0,0,1,,,79,57
1,4,121,3,,0,21,0.000,0.000,0,0,,1,0,,,,21,0,0,0,0,0,0,0,0,0,0,0,1,,,79,57
1,4,140,3,,0,95,0.000,0.000,0,0,,1,0,,,,95,0,0,0,0,0,0,0,0,0,0,0,1,,,79,57
1,4,140,3,,0,95,0.000,0.000,0,0,,1,0,,,,95,0,0,0,0,0,0,0,0,0,0,0,1,,,79,57
1,4,141,3,,0,16,0.000,0.000,0,0,,1,0,,,,16,0,0,0,0,0,0,0,0,0,0,0,1,,,79,57
1,4,141,3,,0,16,0.000,0.000,0,0,,1,0,,,,16,0,0,0,0,0,0,0,0,0,0,0,1,,,79,57
1,4,139,3,,0,0,0.000,0.000,0,0,,1,0,,,,0,0,0,0,0,0,0,0,0,0,0,0,1,,,79,57
1,4,139,3,,0,0,0.000,0.000,0,0,,1,0,,,,0,0,0,0,0,0,0,0,0,0,0,0,1,,,79,57
1,4,144,3,,0,85,0.000,0.000,0,0,,1,0,,,,85,0,0,0,0,0,0,0,0,0,0,0,1,,,79,57
1,4,144,3,,0,85,0.000,0.000,0,0,,1,0,,,,85,0,0,0,0,0,0,0,0,0,0,0,1,,,79,57
1,4,200,3,,0,0,0.000,0.000,0,0,,1,0,,,,0,0,0,0,0,0,0,0,0,0,0,0,1,,,79,86
1,4,200,3,,0,0,0.000,0.000,0,0,,1,0,,,,0,0,0,0,0,0,0,0,0,0,0,0,1,,,79,86
1,4,211,3,,0,9,0.000,0.000,0,0,,1,0,,,,9,0,0,0,0,0,0,0,0,0,0,0,1,,,79,86
1,4,211,3,,0,9,0.000,0.000,0,0,,1,0,,,,9,0,0,0,0,0,0,0,0,0,0,0,1,,,79,86
1,4,129,3,,0,7,0.000,0.000,0,0,,1,0,,,,7,0,0,0,0,0,0,0,0,0,0,0,1,,,79,86
1,4,129,3,,0,7,0.000,0.000,0,0,,1,0,,,,7,0,0,0,0,0,0,0,0,0,0,0,1,,,79,86
1,4,130,3,,0,8,0.000,0.000,0,0,,1,0,,,,8,0,0,0,0,0,0,0,0,0,0,0,1,,,79,86
1,4,130,3,,0,8,0.000,0.000,0,0,,1,0,,,,8,0,0,0,0,0,0,0,0,0,0,0,1,,,79,86
1,4,92,3,,0,21,0.000,0.000,0,0,,1,0,,,,21,0,0,0,0,0,0,0,0,0,0,0,1,,,79,86
1,4,92,3,,0,21,0.000,0.000,0,0,,1,0,,,,21,0,0,0,0,0,0,0,0,0,0,0,1,,,79,86
1,4,89,3,,0,24,0.000,0.000,0,0,,1,0,,,,24,0,0,0,0,0,0,0,0,0,0,0,1,,,79,86
1,4,89,3,,0,24,0.000,0.000,0,0,,1,0,,,,24,0,0,0,0,0,0,0,0,0,0,0,1,,,79,86
1,4,120,3,,0,14,0.000,0.000,0,0,,1,0,,,,14,0,0,0,0,0,0,0,0,0,0,0,1,,,79,86
1,4,120,3,,0,14,0.000,0.000,0,0,,1,0,,,,14,0,0,0,0,0,0,0,0,0,0,0,1,,,79,86
1,4,123,3,,0,17,0.000,0.000,0,0,,1,0,,,,17,0,0,0,0,0,0,0,0,0,0,0,1,,,79,86
1,4,123,3,,0,17,0.000,0.000,0,0,,1,0,,,,17,0,0,0,0,0,0,0,0,0,0,0,1,,,79,86
1,4,122,3,,0,0,0.000,0.000,0,0,,1,0,,,,0,0,0,0,0,0,0,0,0,0,0,0,1,,,79,86
1,4,122,3,,0,0,0.000,0.000,0,0,,1,0,,,,0,0,0,0,0,0,0,0,0,0,0,0,1,,,79,86
1,4,212,3,,0,57,0.000,0.000,0,0,,1,0,,,,57,0,0,0,0,0,0,0,0,0,0,0,1,,,79,86
1,4,212,3,,0,57,0.000,0.000,0,0,,1,0,,,,57,0,0,0,0,0,0,0,0,0,0,0,1,,,79,86
1,4,151,3,,0,14,0.000,0.000,0,0,,1,0,,,,14,0,0,0,0,0,0,0,0,0,0,0,1,,,79,86
1,4,151,3,,0,14,0.000,0.000,0,0,,1,0,,,,14,0,0,0,0,0,0,0,0,0,0,0,1,,,79,86
1,4,1,3,,0,80,0.000,0.000,0,0,,1,0,,,,80,0,0,0,0,0,0,0,0,0,0,0,1,,,79,86
1,4,1,3,,0,80,0.000,0.000,0,0,,1,0,,,,80,0,0,0,0,0,0,0,0,0,0,0,1,,,79,86
1,4,81,3,,0,7,0.000,0.000,0,0,,1,0,,,,7,0,0,0,0,0,0,0,0,0,0,0,1,,,79,86
1,4,81,3,,0,7,0.000,0.000,0,0,,1,0,,,,7,0,0,0,0,0,0,0,0,0,0,0,1,,,79,86
1,4,143,3,,0,0,0.000,0.000,0,0,,1,0,,,,0,0,0,0,0,0,0,0,0,0,0,0,1,,,79,86
1,4,143,3,,0,0,0.000,0.000,0,0,,1,0,,,,0,0,0,0,0,0,0,0,0,0,0,0,1,,,79,86
1,4,142,3,,0,2,0.000,0.000,0,0,,1,0,,,,2,0,0,0,0,0,0,0,0,0,0,0,1,,,79,86
1,4,142,3,,0,2,0.000,0.000,0,0,,1,0,,,,2,0,0,0,0,0,0,0,0,0,0,0,1,,,79,86
1,4,196,3,,0,44,0.000,0.000,0,0,,1,0,,,,44,0,0,0,0,0,0,0,0,0,0,0,1,,,79,86
1,4,196,3,,0,44,0.000,0.000,0,0,,1,0,,,,44,0,0,0,0,0,0,0,0,0,0,0,1,,,79,86
1,4,171,3,,0,37,0.000,0.000,0,0,,1,0,,,,37,0,0,0,0,0,0,0,0,0,0,0,1,,,79,86
1,4,171,3,,0,37,0.000,0.000,0,0,,1,0,,,,37,0,0,0,0,0,0,0,0,0,0,0,1,,,79,86
1,4,170,3,,0,34,0.000,0.000,0,0,,1,0,,,,34,0,0,0,0,0,0,0,0,0,0,0,1,,,79,86
1,4,170,3,,0,34,0.000,0.000,0,0,,1,0,,,,34,0,0,0,0,0,0,0,0,0,0,0,1,,,79,86
1,4,172,3,,0,16,0.000,0.000,0,0,,1,0,,,,16,0,0,0,0,0,0,0,0,0,0,0,1,,,79,86
1,4,172,3,,0,16,0.000,0.000,0,0,,1,0,,,,16,0,0,0,0,0,0,0,0,0,0,0,1,,,79,86
1,4,160,3,,0,0,0.000,0.000,0,0,,1,0,,,,0,0,0,0,0,0,0,0,0,0,0,0,1,,,79,86
1,4,160,3,,0,0,0.000,0.000,0,0,,1,0,,,,0,0,0,0,0,0,0,0,0,0,0,0,1,,,79,86
1,4,168,3,,0,46,0.000,0.000,0,0,,1,0,,,,46,0,0,0,0,0,0,0,0,0,0,0,1,,,79,86
1,4,168,3,,0,46,0.000,0.000,0,0,,1,0,,,,46,0,0,0,0,0,0,0,0,0,0,0,1,,,79,86
1,4,159,3,,0,4,0.000,0.000,0,0,,1,0,,,,4,0,0,0,0,0,0,0,0,0,0,0,1,,,79,86
1,4,159,3,,0,4,0.000,0.000,0,0,,1,0,,,,4,0,0,0,0,0,0,0,0,0,0,0,1,,,79,86
1,4,198,3,,0,18,0.000,0.000,0,0,,1,0,,,,18,0,0,0,0,0,0,0,0,0,0,0,1,,,79,86
1,4,198,3,,0,18,0.000,0.000,0,0,,1,0,,,,18,0,0,0,0,0,0,0,0,0,0,0,1,,,79,86
1,4,84,3,,0,1,0.000,0.000,0,0,,1,0,,,,1,0,0,0,0,0,0,0,0,0,0,0,1,,,79,86
1,4,84,3,,0,1,0.000,0.000,0,0,,1,0,,,,1,0,0,0,0,0,0,0,0,0,0,0,1,,,79,86
1,4,189,3,,0,30,0.000,0.000,0,0,,1,0,,,,30,0,0,0,0,0,0,0,0,0,0,0,1,,,79,86
1,4,189,3,,0,30,0.000,0.000,0,0,,1,0,,,,30,0,0,0,0,0,0,0,0,0,0,0,1,,,79,86
1,4,167,3,,0,12,0.000,0.000,0,0,,1,0,,,,12,0,0,0,0,0,0,0,0,0,0,0,1,,,79,86
1,4,167,3,,0,12,0.000,0.000,0,0,,1,0,,,,12,0,0,0,0,0,0,0,0,0,0,0,1,,,79,86
1,4,210,3,,0,23,0.000,0.000,0,0,,1,0,,,,23,0,0,0,0,0,0,0,0,0,0,0,1,,,79,86
1,4,210,3,,0,23,0.000,0.000,0,0,,1,0,,,,23,0,0,0,0,0,0,0,0,0,0,0,1,,,79,86
1,4,209,3,,0,20,0.000,0.000,0,0,,1,0,,,,20,0,0,0,0,0,0,0,0,0,0,0,1,,,79,86
1,4,209,3,,0,20,0.000,0.000,0,0,,1,0,,,,20,0,0,0,0,0,0,0,0,0,0,0,1,,,79,86
1,4,145,3,,0,12,0.000,0.000,0,0,,1,0,,,,12,0,0,0,0,0,0,0,0,0,0,0,1,,,79,86
1,4,145,3,,0,12,0.000,0.000,0,0,,1,0,,,,12,0,0,0,0,0,0,0,0,0,0,0,1,,,79,86
1,4,148,3,,0,5,0.000,0.000,0,0,,1,0,,,,5,0,0,0,0,0,0,0,0,0,0,0,1,,,79,86
1,4,148,3,,0,5,0.000,0.000,0,0,,1,0,,,,5,0,0,0,0,0,0,0,0,0,0,0,1,,,79,86
1,4,138,3,,0,4,0.000,0.000,0,0,,1,0,,,,4,0,0,0,0,0,0,0,0,0,0,0,1,,,79,86
1,4,138,3,,0,4,0.000,0.000,0,0,,1,0,,,,4,0,0,0,0,0,0,0,0,0,0,0,1,,,79,86
1,4,77,3,,0,22,0.000,0.000,0,0,,1,0,,,,22,0,0,0,0,0,0,0,0,0,0,0,1,,,79,86
1,4,77,3,,0,22,0.000,0.000,0,0,,1,0,,,,22,0,0,0,0,0,0,0,0,0,0,0,1,,,79,86
1,4,75,3,,0,3,0.000,0.000,0,0,,1,0,,,,3,0,0,0,0,0,0,0,0,0,0,0,1,,,79,86
1,4,75,3,,0,3,0.000,0.000,0,0,,1,0,,,,3,0,0,0,0,0,0,0,0,0,0,0,1,,,79,86
1,4,201,3,,0,12,0.000,0.000,0,0,,1,0,,,,12,0,0,0,0,0,0,0,0,0,0,0,1,,,79,86
1,4,201,3,,0,12,0.000,0.000,0,0,,1,0,,,,12,0,0,0,0,0,0,0,0,0,0,0,1,,,79,86
1,4,203,3,,0,5,0.000,0.000,0,0,,1,0,,,,5,0,0,0,0,0,0,0,0,0,0,0,1,,,79,86
1,4,203,3,,0,5,0.000,0.000,0,0,,1,0,,,,5,0,0,0,0,0,0,0,0,0,0,0,1,,,79,86
1,4,202,3,,0,3,0.000,0.000,0,0,,1,0,,,,3,0,0,0,0,0,0,0,0,0,0,0,1,,,79,86
1,4,202,3,,0,3,0.000,0.000,0,0,,1,0,,,,3,0,0,0,0,0,0,0,0,0,0,0,1,,,79,86
1,4,660,3,,0,36,0.000,0.000,0,0,,1,0,,,,36,0,0,0,0,0,0,0,0,0,0,0,1,,,79,86
1,4,660,3,,0,36,0.000,0.000,0,0,,1,0,,,,36,0,0,0,0,0,0,0,0,0,0,0,1,,,79,86
1,4,204,3,,0,0,0.000,0.000,0,0,,1,0,,,,0,0,0,0,0,0,0,0,0,0,0,0,1,,,79,86
1,4,204,3,,0,0,0.000,0.000,0,0,,1,0,,,,0,0,0,0,0,0,0,0,0,0,0,0,1,,,79,86
1,4,74,3,,0,26,0.000,0.000,0,0,,1,0,,,,26,0,0,0,0,0,0,0,0,0,0,0,1,,,79,86
1,4,74,3,,0,26,0.000,0.000,0,0,,1,0,,,,26,0,0,0,0,0,0,0,0,0,0,0,1,,,79,86
1,4,76,3,,0,17,0.000,0.000,0,0,,1,0,,,,17,0,0,0,0,0,0,0,0,0,0,0,1,,,79,86
1,4,76,3,,0,17,0.000,0.000,0,0,,1,0,,,,17,0,0,0,0,0,0,0,0,0,0,0,1,,,79,86
1,4,661,3,,0,9,0.000,0.000,0,0,,1,0,,,,9,0,0,0,0,0,0,0,0,0,0,0,1,,,80,343
1,4,661,3,,0,9,0.000,0.000,0,0,,1,0,,,,9,0,0,0,0,0,0,0,0,0,0,0,1,,,80,343
1,4,662,3,,0,8,0.000,0.000,0,0,,1,0,,,,8,0,0,0,0,0,0,0,0,0,0,0,1,,,80,343
1,4,662,3,,0,8,0.000,0.000,0,0,,1,0,,,,8,0,0,0,0,0,0,0,0,0,0,0,1,,,80,343
1,4,668,3,,0,12,0.000,0.000,0,0,,1,0,,,,12,0,0,0,0,0,0,0,0,0,0,0,1,,,80,343
1,4,668,3,,0,12,0.000,0.000,0,0,,1,0,,,,12,0,0,0,0,0,0,0,0,0,0,0,1,,,80,343
1,4,655,3,,0,4,0.000,0.000,0,0,,1,0,,,,4,0,0,0,0,0,0,0,0,0,0,0,1,,,80,343
1,4,655,3,,0,4,0.000,0.000,0,0,,1,0,,,,4,0,0,0,0,0,0,0,0,0,0,0,1,,,80,343
1,4,22,3,,0,4,0.000,0.000,0,0,,1,0,,,,4,0,0,0,0,0,0,0,0,0,0,0,1,,,80,343
1,4,22,3,,0,4,0.000,0.000,0,0,,1,0,,,,4,0,0,0,0,0,0,0,0,0,0,0,1,,,80,343
1,4,21,3,,0,19,0.000,0.000,0,0,,1,0,,,,19,0,0,0,0,0,0,0,0,0,0,0,1,,,80,343
1,4,21,3,,0,19,0.000,0.000,0,0,,1,0,,,,19,0,0,0,0,0,0,0,0,0,0,0,1,,,80,343
1,4,654,3,,0,14,0.000,0.000,0,0,,1,0,,,,14,0,0,0,0,0,0,0,0,0,0,0,1,,,80,343
1,4,654,3,,0,14,0.000,0.000,0,0,,1,0,,,,14,0,0,0,0,0,0,0,0,0,0,0,1,,,80,343
1,4,653,3,,0,17,0.000,0.000,0,0,,1,0,,,,17,0,0,0,0,0,0,0,0,0,0,0,1,,,80,343
1,4,653,3,,0,17,0.000,0.000,0,0,,1,0,,,,17,0,0,0,0,0,0,0,0,0,0,0,1,,,80,343
1,4,634,3,,0,23,0.000,0.000,0,0,,1,0,,,,23,0,0,0,0,0,0,0,0,0,0,0,1,,,80,343
1,4,634,3,,0,23,0.000,0.000,0,0,,1,0,,,,23,0,0,0,0,0,0,0,0,0,0,0,1,,,80,343
1,4,665,3,,0,12,0.000,0.000,0,0,,1,0,,,,12,0,0,0,0,0,0,0,0,0,0,0,1,,,80,343
1,4,665,3,,0,12,0.000,0.000,0,0,,1,0,,,,12,0,0,0,0,0,0,0,0,0,0,0,1,,,80,343
1,4,638,3,,0,16,0.000,0.000,0,0,,1,0,,,,16,0,0,0,0,0,0,0,0,0,0,0,1,,,80,343
1,4,638,3,,0,16,0.000,0.000,0,0,,1,0,,,,16,0,0,0,0,0,0,0,0,0,0,0,1,,,80,343
1,4,1006,3,,0,17,0.000,0.000,0,0,,1,0,,,,17,0,0,0,0,0,0,0,0,0,0,0,1,,,80,343
1,4,1006,3,,0,17,0.000,0.000,0,0,,1,0,,,,17,0,0,0,0,0,0,0,0,0,0,0,1,,,80,343
1,4,1007,3,,0,10,0.000,0.000,0,0,,1,0,,,,10,0,0,0,0,0,0,0,0,0,0,0,1,,,80,343
1,4,1007,3,,0,10,0.000,0.000,0,0,,1,0,,,,10,0,0,0,0,0,0,0,0,0,0,0,1,,,80,343
1,4,1008,3,,0,3,0.000,0.000,0,0,,1,0,,,,3,0,0,0,0,0,0,0,0,0,0,0,1,,,80,343
1,4,1008,3,,0,3,0.000,0.000,0,0,,1,0,,,,3,0,0,0,0,0,0,0,0,0,0,0,1,,,80,343
1,4,813,3,,0,1,0.000,0.000,0,0,,1,0,,,,1,0,0,0,0,0,0,0,0,0,0,0,1,,,66,677
1,4,813,3,,0,1,0.000,0.000,0,0,,1,0,,,,1,0,0,0,0,0,0,0,0,0,0,0,1,,,66,677
1,4,753,3,,0,6,0.000,0.000,0,0,,1,0,,,,6,0,0,0,0,0,0,0,0,0,0,0,1,,,83,362
1,4,753,3,,0,6,0.000,0.000,0,0,,1,0,,,,6,0,0,0,0,0,0,0,0,0,0,0,1,,,83,362
1,4,754,3,,0,8,0.000,0.000,0,0,,1,0,,,,8,0,0,0,0,0,0,0,0,0,0,0,1,,,83,362
1,4,754,3,,0,8,0.000,0.000,0,0,,1,0,,,,8,0,0,0,0,0,0,0,0,0,0,0,1,,,83,362
1,4,675,3,,0,0,527.000,527.000,0,0,,1,0,,,,,,,,,,,,,,0,0,,,,33,355
1,4,675,3,,0,0,527.000,527.000,0,0,,1,0,,,,,,,,,,,,,,0,0,,,,33,355
1,4,676,3,,0,0,958.500,958.500,0,0,,1,0,,,,,,,,,,,,,,0,0,,,,33,338
1,4,676,3,,0,0,958.500,958.500,0,0,,1,0,,,,,,,,,,,,,,0,0,,,,33,338
1,4,677,3,,0,0,993.220,993.220,0,0,,1,0,,,,,,,,,,,,,,0,0,,,,33,338
1,4,677,3,,0,0,993.220,993.220,0,0,,1,0,,,,,,,,,,,,,,0,0,,,,33,338
1,4,690,3,,0,11,3046.010,3046.010,0,0,,1,0,,,,11,0,0,0,0,0,0,0,0,0,0,0,1,,,33,338
1,4,690,3,,0,11,3046.010,3046.010,0,0,,1,0,,,,11,0,0,0,0,0,0,0,0,0,0,0,1,,,33,338
1,4,697,3,,0,2,3046.010,3046.010,0,0,,1,0,,,,2,0,0,0,0,0,0,0,0,0,0,0,1,,,33,338
1,4,697,3,,0,2,3046.010,3046.010,0,0,,1,0,,,,2,0,0,0,0,0,0,0,0,0,0,0,1,,,33,338
1,4,698,3,,0,0,993.220,993.220,0,0,,1,0,,,,,,,,,,,,,,0,0,,,,33,338
1,4,698,3,,0,0,993.220,993.220,0,0,,1,0,,,,,,,,,,,,,,0,0,,,,33,338
1,4,700,3,,0,0,958.550,958.550,0,0,,1,0,,,,,,,,,,,,,,0,0,,,,33,338
1,4,700,3,,0,0,958.550,958.550,0,0,,1,0,,,,,,,,,,,,,,0,0,,,,33,338
1,4,706,3,,0,0,966.190,966.190,0,0,,1,0,,,,,,,,,,,,,,0,0,,,,33,55
1,4,706,3,,0,0,966.190,966.190,0,0,,1,0,,,,,,,,,,,,,,0,0,,,,33,55
1,4,707,3,,0,0,966.192,966.192,0,0,,1,0,,,,,,,,,,,,,,0,0,,,,33,55
1,4,707,3,,0,0,966.192,966.192,0,0,,1,0,,,,,,,,,,,,,,0,0,,,,33,55
1,4,708,3,,0,0,966.200,966.200,0,0,,1,0,,,,,,,,,,,,,,0,0,,,,33,55
1,4,708,3,,0,0,966.200,966.200,0,0,,1,0,,,,,,,,,,,,,,0,0,,,,33,55
1,4,709,3,,0,5,1751.340,1751.340,0,0,,1,0,,,,5,0,0,0,0,0,0,0,0,0,0,0,1,,,33,55
1,4,709,3,,0,5,1751.340,1751.340,0,0,,1,0,,,,5,0,0,0,0,0,0,0,0,0,0,0,1,,,33,55
1,4,710,3,,0,6,1164.600,1164.600,0,0,,1,0,,,,6,0,0,0,0,0,0,0,0,0,0,0,1,,,33,316
1,4,710,3,,0,6,1164.600,1164.600,0,0,,1,0,,,,6,0,0,0,0,0,0,0,0,0,0,0,1,,,33,316
1,4,717,3,,0,10,819.690,819.690,0,0,,1,0,,,,10,0,0,0,0,0,0,0,0,0,0,0,1,,,33,355
1,4,717,3,,0,10,819.690,819.690,0,0,,1,0,,,,10,0,0,0,0,0,0,0,0,0,0,0,1,,,33,355
1,4,725,3,,0,5,1479.780,1479.780,0,0,,1,0,,,,5,0,0,0,0,0,0,0,0,0,0,0,1,,,33,355
1,4,725,3,,0,5,1479.780,1479.780,0,0,,1,0,,,,5,0,0,0,0,0,0,0,0,0,0,0,1,,,33,355
1,4,728,3,,0,0,557.000,557.000,0,0,,1,0,,,,,,,,,,,,,,0,0,,,,33,355
1,4,728,3,,0,0,557.000,557.000,0,0,,1,0,,,,,,,,,,,,,,0,0,,,,33,355
1,4,729,3,,0,398,0.000,0.000,0,0,,1,0,,,,398,0,0,0,0,0,0,0,0,0,0,0,1,,,33,338
1,4,729,3,,0,398,0.000,0.000,0,0,,1,0,,,,398,0,0,0,0,0,0,0,0,0,0,0,1,,,33,338
1,4,1012,3,,0,11,1252.210,1252.210,0,0,,1,0,,,,11,0,0,0,0,0,0,0,0,0,0,0,1,,,33,320
1,4,1012,3,,0,11,1252.210,1252.210,0,0,,1,0,,,,11,0,0,0,0,0,0,0,0,0,0,0,1,,,33,320
1,4,1013,3,,0,0,1252.210,1252.210,0,0,,1,0,,,,,,,,,,,,,,0,0,,,,33,320
1,4,1013,3,,0,0,1252.210,1252.210,0,0,,1,0,,,,,,,,,,,,,,0,0,,,,33,320
1,4,1014,3,,0,5,1252.210,1252.210,0,0,,1,0,,,,5,0,0,0,0,0,0,0,0,0,0,0,1,,,33,320
1,4,1014,3,,0,5,1252.210,1252.210,0,0,,1,0,,,,5,0,0,0,0,0,0,0,0,0,0,0,1,,,33,320
1,4,1015,3,,0,12,1391.340,1391.340,0,0,,1,0,,,,12,0,0,0,0,0,0,0,0,0,0,0,1,,,33,320
1,4,1015,3,,0,12,1391.340,1391.340,0,0,,1,0,,,,12,0,0,0,0,0,0,0,0,0,0,0,1,,,33,320
1,4,1100,3,,0,0,18101.260,18101.260,0,0,,1,0,,,,,,,,,,,,,,0,0,,,,102,399
1,4,1100,3,,0,0,18101.260,18101.260,0,0,,1,0,,,,,,,,,,,,,,0,0,,,,102,399
1,4,1016,3,,0,11,0.000,0.000,0,0,,1,0,,,,11,0,0,0,0,0,0,0,0,0,0,0,1,,,33,320
1,4,1016,3,,0,11,0.000,0.000,0,0,,1,0,,,,11,0,0,0,0,0,0,0,0,0,0,0,1,,,33,320
1,4,804,3,,0,11,0.000,0.000,0,0,,1,0,,,,11,0,0,0,0,0,0,0,0,0,0,0,1,,,33,53
1,4,804,3,,0,11,0.000,0.000,0,0,,1,0,,,,11,0,0,0,0,0,0,0,0,0,0,0,1,,,33,53
1,4,803,3,,0,18,0.000,0.000,0,0,,1,0,,,,18,0,0,0,0,0,0,0,0,0,0,0,1,,,33,53
1,4,803,3,,0,18,0.000,0.000,0,0,,1,0,,,,18,0,0,0,0,0,0,0,0,0,0,0,1,,,33,53
1,4,935,3,,0,6,0.000,0.000,0,0,,1,0,,,,6,0,0,0,0,0,0,0,0,0,0,0,1,,,33,55
1,4,935,3,,0,6,0.000,0.000,0,0,,1,0,,,,6,0,0,0,0,0,0,0,0,0,0,0,1,,,33,55
1,4,931,3,,0,9,0.000,0.000,0,0,,1,0,,,,9,0,0,0,0,0,0,0,0,0,0,0,1,,,33,55
1,4,931,3,,0,9,0.000,0.000,0,0,,1,0,,,,9,0,0,0,0,0,0,0,0,0,0,0,1,,,33,55
1,4,933,3,,0,5,0.000,0.000,0,0,,1,0,,,,5,0,0,0,0,0,0,0,0,0,0,0,1,,,33,55
1,4,933,3,,0,5,0.000,0.000,0,0,,1,0,,,,5,0,0,0,0,0,0,0,0,0,0,0,1,,,33,55
1,4,624,3,,0,11,0.000,0.000,0,0,,1,0,,,,11,0,0,0,0,0,0,0,0,0,0,0,1,,,33,53
1,4,624,3,,0,11,0.000,0.000,0,0,,1,0,,,,11,0,0,0,0,0,0,0,0,0,0,0,1,,,33,53
1,4,1035,3,,0,19,0.000,0.000,0,0,,1,0,,,,19,0,0,0,0,0,0,0,0,0,0,0,1,,,33,53
1,4,1035,3,,0,19,0.000,0.000,0,0,,1,0,,,,19,0,0,0,0,0,0,0,0,0,0,0,1,,,33,53
1,4,782,3,,0,12,0.000,0.000,0,0,,1,0,,,,12,0,0,0,0,0,0,0,0,0,0,0,1,,,33,316
1,4,782,3,,0,12,0.000,0.000,0,0,,1,0,,,,12,0,0,0,0,0,0,0,0,0,0,0,1,,,33,316
1,4,784,3,,0,7,0.000,0.000,0,0,,1,0,,,,7,0,0,0,0,0,0,0,0,0,0,0,1,,,33,316
1,4,784,3,,0,7,0.000,0.000,0,0,,1,0,,,,7,0,0,0,0,0,0,0,0,0,0,0,1,,,33,316
1,4,783,3,,0,6,0.000,0.000,0,0,,1,0,,,,6,0,0,0,0,0,0,0,0,0,0,0,1,,,33,316
1,4,783,3,,0,6,0.000,0.000,0,0,,1,0,,,,6,0,0,0,0,0,0,0,0,0,0,0,1,,,33,316
1,4,716,3,,0,9,819.600,819.600,0,0,,1,0,,,,9,0,0,0,0,0,0,0,0,0,0,0,1,,,33,355
1,4,716,3,,0,9,819.600,819.600,0,0,,1,0,,,,9,0,0,0,0,0,0,0,0,0,0,0,1,,,33,355
1,4,950,3,,0,14,0.000,0.000,0,0,,1,0,,,,14,0,0,0,0,0,0,0,0,0,0,0,1,,,33,355
1,4,950,3,,0,14,0.000,0.000,0,0,,1,0,,,,14,0,0,0,0,0,0,0,0,0,0,0,1,,,33,355
1,4,948,3,,0,18,0.000,0.000,0,0,,1,0,,,,18,0,0,0,0,0,0,0,0,0,0,0,1,,,33,355
1,4,948,3,,0,18,0.000,0.000,0,0,,1,0,,,,18,0,0,0,0,0,0,0,0,0,0,0,1,,,33,355
1,4,949,3,,0,10,0.000,0.000,0,0,,1,0,,,,10,0,0,0,0,0,0,0,0,0,0,0,1,,,33,355
1,4,949,3,,0,10,0.000,0.000,0,0,,1,0,,,,10,0,0,0,0,0,0,0,0,0,0,0,1,,,33,355
1,4,947,3,,0,12,0.000,0.000,0,0,,1,0,,,,12,0,0,0,0,0,0,0,0,0,0,0,1,,,33,355
1,4,947,3,,0,12,0.000,0.000,0,0,,1,0,,,,12,0,0,0,0,0,0,0,0,0,0,0,1,,,33,355
1,4,995,3,,0,4,0.000,0.000,0,0,,1,0,,,,4,0,0,0,0,0,0,0,0,0,0,0,1,,,33,355
1,4,995,3,,0,4,0.000,0.000,0,0,,1,0,,,,4,0,0,0,0,0,0,0,0,0,0,0,1,,,33,355
1,4,996,3,,0,6,0.000,0.000,0,0,,1,0,,,,6,0,0,0,0,0,0,0,0,0,0,0,1,,,33,355
1,4,996,3,,0,6,0.000,0.000,0,0,,1,0,,,,6,0,0,0,0,0,0,0,0,0,0,0,1,,,33,355
1,4,997,3,,0,33,0.000,0.000,0,0,,1,0,,,,33,0,0,0,0,0,0,0,0,0,0,0,1,,,33,355
1,4,997,3,,0,33,0.000,0.000,0,0,,1,0,,,,33,0,0,0,0,0,0,0,0,0,0,0,1,,,33,355
1,4,998,3,,0,17,0.000,0.000,0,0,,1,0,,,,17,0,0,0,0,0,0,0,0,0,0,0,1,,,33,355
1,4,998,3,,0,17,0.000,0.000,0,0,,1,0,,,,17,0,0,0,0,0,0,0,0,0,0,0,1,,,33,355
1,4,999,3,,0,7,0.000,0.000,0,0,,1,0,,,,7,0,0,0,0,0,0,0,0,0,0,0,1,,,33,355
1,4,999,3,,0,7,0.000,0.000,0,0,,1,0,,,,7,0,0,0,0,0,0,0,0,0,0,0,1,,,33,355
1,4,975,3,,0,5,0.000,0.000,0,0,,1,0,,,,5,0,0,0,0,0,0,0,0,0,0,0,1,,,33,316
1,4,975,3,,0,5,0.000,0.000,0,0,,1,0,,,,5,0,0,0,0,0,0,0,0,0,0,0,1,,,33,316
1,4,974,3,,0,10,0.000,0.000,0,0,,1,0,,,,10,0,0,0,0,0,0,0,0,0,0,0,1,,,33,316
1,4,974,3,,0,10,0.000,0.000,0,0,,1,0,,,,10,0,0,0,0,0,0,0,0,0,0,0,1,,,33,316
1,4,693,3,,0,24,0.000,0.000,0,0,,1,0,,,,24,0,0,0,0,0,0,0,0,0,0,0,1,,,33,55
1,4,693,3,,0,24,0.000,0.000,0,0,,1,0,,,,24,0,0,0,0,0,0,0,0,0,0,0,1,,,33,55
1,4,692,3,,0,18,0.000,0.000,0,0,,1,0,,,,18,0,0,0,0,0,0,0,0,0,0,0,1,,,33,55
1,4,692,3,,0,18,0.000,0.000,0,0,,1,0,,,,18,0,0,0,0,0,0,0,0,0,0,0,1,,,33,55
1,4,694,3,,0,10,0.000,0.000,0,0,,1,0,,,,10,0,0,0,0,0,0,0,0,0,0,0,1,,,33,55
1,4,694,3,,0,10,0.000,0.000,0,0,,1,0,,,,10,0,0,0,0,0,0,0,0,0,0,0,1,,,33,55
1,4,801,3,,0,6,0.000,0.000,0,0,,1,0,,,,6,0,0,0,0,0,0,0,0,0,0,0,1,,,33,53
1,4,801,3,,0,6,0.000,0.000,0,0,,1,0,,,,6,0,0,0,0,0,0,0,0,0,0,0,1,,,33,53
1,4,770,3,,0,5,0.000,0.000,0,0,,1,0,,,,5,0,0,0,0,0,0,0,0,0,0,0,1,,,33,55
1,4,770,3,,0,5,0.000,0.000,0,0,,1,0,,,,5,0,0,0,0,0,0,0,0,0,0,0,1,,,33,55
1,4,625,3,,0,4,0.000,0.000,0,0,,1,0,,,,4,0,0,0,0,0,0,0,0,0,0,0,1,,,33,55
1,4,625,3,,0,4,0.000,0.000,0,0,,1,0,,,,4,0,0,0,0,0,0,0,0,0,0,0,1,,,33,55
1,4,936,3,,0,12,0.000,0.000,0,0,,1,0,,,,12,0,0,0,0,0,0,0,0,0,0,0,1,,,33,55
1,4,936,3,,0,12,0.000,0.000,0,0,,1,0,,,,12,0,0,0,0,0,0,0,0,0,0,0,1,,,33,55
1,4,930,3,,0,10,0.000,0.000,0,0,,1,0,,,,10,0,0,0,0,0,0,0,0,0,0,0,1,,,33,55
1,4,930,3,,0,10,0.000,0.000,0,0,,1,0,,,,10,0,0,0,0,0,0,0,0,0,0,0,1,,,33,55
1,4,934,3,,0,6,0.000,0.000,0,0,,1,0,,,,6,0,0,0,0,0,0,0,0,0,0,0,1,,,33,55
1,4,934,3,,0,6,0.000,0.000,0,0,,1,0,,,,6,0,0,0,0,0,0,0,0,0,0,0,1,,,33,55
1,4,1038,3,,0,6,0.000,0.000,0,0,,1,0,,,,6,0,0,0,0,0,0,0,0,0,0,0,1,,,33,55
1,4,1038,3,,0,6,0.000,0.000,0,0,,1,0,,,,6,0,0,0,0,0,0,0,0,0,0,0,1,,,33,55
1,4,720,3,,0,39,0.000,0.000,0,0,,1,0,,,,39,0,0,0,0,0,0,0,0,0,0,0,1,,,33,53
1,4,720,3,,0,39,0.000,0.000,0,0,,1,0,,,,39,0,0,0,0,0,0,0,0,0,0,0,1,,,33,53
1,4,718,3,,0,38,0.000,0.000,0,0,,1,0,,,,38,0,0,0,0,0,0,0,0,0,0,0,1,,,33,53
1,4,718,3,,0,38,0.000,0.000,0,0,,1,0,,,,38,0,0,0,0,0,0,0,0,0,0,0,1,,,33,53
1,4,929,3,,0,21,0.000,0.000,0,0,,1,0,,,,21,0,0,0,0,0,0,0,0,0,0,0,1,,,33,53
1,4,929,3,,0,21,0.000,0.000,0,0,,1,0,,,,21,0,0,0,0,0,0,0,0,0,0,0,1,,,33,53
1,4,1036,3,,0,17,0.000,0.000,0,0,,1,0,,,,17,0,0,0,0,0,0,0,0,0,0,0,1,,,33,53
1,4,1036,3,,0,17,0.000,0.000,0,0,,1,0,,,,17,0,0,0,0,0,0,0,0,0,0,0,1,,,33,53
1,4,1034,3,,0,8,0.000,0.000,0,0,,1,0,,,,8,0,0,0,0,0,0,0,0,0,0,0,1,,,33,53
1,4,1034,3,,0,8,0.000,0.000,0,0,,1,0,,,,8,0,0,0,0,0,0,0,0,0,0,0,1,,,33,53
1,4,731,3,,0,26,0.000,0.000,0,0,,1,0,,,,26,0,0,0,0,0,0,0,0,0,0,0,1,,,33,338
1,4,731,3,,0,26,0.000,0.000,0,0,,1,0,,,,26,0,0,0,0,0,0,0,0,0,0,0,1,,,33,338
1,4,730,3,,0,161,0.000,0.000,0,0,,1,0,,,,161,0,0,0,0,0,0,0,0,0,0,0,1,,,33,338
1,4,730,3,,0,161,0.000,0.000,0,0,,1,0,,,,161,0,0,0,0,0,0,0,0,0,0,0,1,,,33,338
1,4,733,3,,0,25,0.000,0.000,0,0,,1,0,,,,25,0,0,0,0,0,0,0,0,0,0,0,1,,,33,338
1,4,733,3,,0,25,0.000,0.000,0,0,,1,0,,,,25,0,0,0,0,0,0,0,0,0,0,0,1,,,33,338
1,4,771,3,,0,7,0.000,0.000,0,0,,1,0,,,,7,0,0,0,0,0,0,0,0,0,0,0,1,,,33,338
1,4,771,3,,0,7,0.000,0.000,0,0,,1,0,,,,7,0,0,0,0,0,0,0,0,0,0,0,1,,,33,338
1,4,773,3,,0,1,0.000,0.000,0,0,,1,0,,,,1,0,0,0,0,0,0,0,0,0,0,0,1,,,33,338
1,4,773,3,,0,1,0.000,0.000,0,0,,1,0,,,,1,0,0,0,0,0,0,0,0,0,0,0,1,,,33,338
1,4,772,3,,0,1,0.000,0.000,0,0,,1,0,,,,1,0,0,0,0,0,0,0,0,0,0,0,1,,,33,338
1,4,772,3,,0,1,0.000,0.000,0,0,,1,0,,,,1,0,0,0,0,0,0,0,0,0,0,0,1,,,33,338
1,4,778,3,,0,4,0.000,0.000,0,0,,1,0,,,,4,0,0,0,0,0,0,0,0,0,0,0,1,,,33,338
1,4,778,3,,0,4,0.000,0.000,0,0,,1,0,,,,4,0,0,0,0,0,0,0,0,0,0,0,1,,,33,338
1,4,779,3,,0,8,0.000,0.000,0,0,,1,0,,,,8,0,0,0,0,0,0,0,0,0,0,0,1,,,33,338
1,4,779,3,,0,8,0.000,0.000,0,0,,1,0,,,,8,0,0,0,0,0,0,0,0,0,0,0,1,,,33,338
1,4,776,3,,0,8,0.000,0.000,0,0,,1,0,,,,8,0,0,0,0,0,0,0,0,0,0,0,1,,,33,338
1,4,776,3,,0,8,0.000,0.000,0,0,,1,0,,,,8,0,0,0,0,0,0,0,0,0,0,0,1,,,33,338
1,4,775,3,,0,4,0.000,0.000,0,0,,1,0,,,,4,0,0,0,0,0,0,0,0,0,0,0,1,,,33,338
1,4,775,3,,0,4,0.000,0.000,0,0,,1,0,,,,4,0,0,0,0,0,0,0,0,0,0,0,1,,,33,338
1,4,732,3,,0,0,0.000,0.000,0,0,,1,0,,,,0,0,0,0,0,0,0,0,0,0,0,0,1,,,33,338
1,4,732,3,,0,0,0.000,0.000,0,0,,1,0,,,,0,0,0,0,0,0,0,0,0,0,0,0,1,,,33,338
1,4,574,3,,0,15,0.000,0.000,0,0,,1,0,,,,15,0,0,0,0,0,0,0,0,0,0,0,1,,,79,83
1,4,574,3,,0,15,0.000,0.000,0,0,,1,0,,,,15,0,0,0,0,0,0,0,0,0,0,0,1,,,79,83
1,4,572,3,,0,15,0.000,0.000,0,0,,1,0,,,,15,0,0,0,0,0,0,0,0,0,0,0,1,,,79,83
1,4,572,3,,0,15,0.000,0.000,0,0,,1,0,,,,15,0,0,0,0,0,0,0,0,0,0,0,1,,,79,83
1,4,863,3,,0,9,0.000,0.000,0,0,,1,0,,,,9,0,0,0,0,0,0,0,0,0,0,0,1,,,79,83
1,4,863,3,,0,9,0.000,0.000,0,0,,1,0,,,,9,0,0,0,0,0,0,0,0,0,0,0,1,,,79,83
1,4,862,3,,0,11,0.000,0.000,0,0,,1,0,,,,11,0,0,0,0,0,0,0,0,0,0,0,1,,,79,83
1,4,862,3,,0,11,0.000,0.000,0,0,,1,0,,,,11,0,0,0,0,0,0,0,0,0,0,0,1,,,79,83
1,4,859,3,,0,25,0.000,0.000,0,0,,1,0,,,,25,0,0,0,0,0,0,0,0,0,0,0,1,,,79,83
1,4,859,3,,0,25,0.000,0.000,0,0,,1,0,,,,25,0,0,0,0,0,0,0,0,0,0,0,1,,,79,83
1,4,734,3,,0,22,0.000,0.000,0,0,,1,0,,,,22,0,0,0,0,0,0,0,0,0,0,0,1,,,33,338
1,4,734,3,,0,22,0.000,0.000,0,0,,1,0,,,,22,0,0,0,0,0,0,0,0,0,0,0,1,,,33,338
1,4,774,3,,0,4,0.000,0.000,0,0,,1,0,,,,4,0,0,0,0,0,0,0,0,0,0,0,1,,,33,338
1,4,774,3,,0,4,0.000,0.000,0,0,,1,0,,,,4,0,0,0,0,0,0,0,0,0,0,0,1,,,33,338
1,4,780,3,,0,7,0.000,0.000,0,0,,1,0,,,,7,0,0,0,0,0,0,0,0,0,0,0,1,,,33,338
1,4,780,3,,0,7,0.000,0.000,0,0,,1,0,,,,7,0,0,0,0,0,0,0,0,0,0,0,1,,,33,338
1,4,689,3,,0,11,0.000,0.000,0,0,,1,0,,,,11,0,0,0,0,0,0,0,0,0,0,0,1,,,33,338
1,4,689,3,,0,11,0.000,0.000,0,0,,1,0,,,,11,0,0,0,0,0,0,0,0,0,0,0,1,,,33,338
1,4,777,3,,0,11,0.000,0.000,0,0,,1,0,,,,11,0,0,0,0,0,0,0,0,0,0,0,1,,,33,338
1,4,777,3,,0,11,0.000,0.000,0,0,,1,0,,,,11,0,0,0,0,0,0,0,0,0,0,0,1,,,33,338
1,4,691,3,,0,21,0.000,0.000,0,0,,1,0,,,,21,0,0,0,0,0,0,0,0,0,0,0,1,,,33,338
1,4,691,3,,0,21,0.000,0.000,0,0,,1,0,,,,21,0,0,0,0,0,0,0,0,0,0,0,1,,,33,338
1,4,230,3,,0,1,0.000,0.000,0,0,,1,0,,,,1,0,0,0,0,0,0,0,0,0,0,0,1,,,39,384
1,4,230,3,,0,1,0.000,0.000,0,0,,1,0,,,,1,0,0,0,0,0,0,0,0,0,0,0,1,,,39,384
1,4,811,3,,0,0,0.000,0.000,0,0,,1,0,,,,0,0,0,0,0,0,0,0,0,0,0,0,1,,,82,353
1,4,811,3,,0,0,0.000,0.000,0,0,,1,0,,,,0,0,0,0,0,0,0,0,0,0,0,0,1,,,82,353
1,4,442,3,,0,4.3,0.000,0.000,0,0,,1,0,,,,4.3,0,0,0,0,0,0,0,0,0,0,0,1,,,82,353
1,4,442,3,,0,4.3,0.000,0.000,0,0,,1,0,,,,4.3,0,0,0,0,0,0,0,0,0,0,0,1,,,82,353
1,4,415,3,,0,2,0.000,0.000,0,0,,1,0,,,,2,0,0,0,0,0,0,0,0,0,0,0,1,,,82,353
1,4,415,3,,0,2,0.000,0.000,0,0,,1,0,,,,2,0,0,0,0,0,0,0,0,0,0,0,1,,,82,353
1,4,478,3,,0,4,0.000,0.000,0,0,,1,0,,,,4,0,0,0,0,0,0,0,0,0,0,0,1,,,82,353
1,4,478,3,,0,4,0.000,0.000,0,0,,1,0,,,,4,0,0,0,0,0,0,0,0,0,0,0,1,,,82,353
1,4,448,3,,0,14,0.000,0.000,0,0,,1,0,,,,14,0,0,0,0,0,0,0,0,0,0,0,1,,,82,353
1,4,448,3,,0,14,0.000,0.000,0,0,,1,0,,,,14,0,0,0,0,0,0,0,0,0,0,0,1,,,82,353
1,4,294,3,,0,12,0.000,0.000,0,0,,1,0,,,,12,0,0,0,0,0,0,0,0,0,0,0,1,,,82,353
1,4,294,3,,0,12,0.000,0.000,0,0,,1,0,,,,12,0,0,0,0,0,0,0,0,0,0,0,1,,,82,353
1,4,419,3,,0,44,0.000,0.000,0,0,,1,0,,,,44,0,0,0,0,0,0,0,0,0,0,0,1,,,82,353
1,4,419,3,,0,44,0.000,0.000,0,0,,1,0,,,,44,0,0,0,0,0,0,0,0,0,0,0,1,,,82,353
1,4,420,3,,0,20,0.000,0.000,0,0,,1,0,,,,20,0,0,0,0,0,0,0,0,0,0,0,1,,,82,353
1,4,420,3,,0,20,0.000,0.000,0,0,,1,0,,,,20,0,0,0,0,0,0,0,0,0,0,0,1,,,82,353
1,4,361,3,,0,141,0.000,0.000,0,0,,1,0,,,,141,0,0,0,0,0,0,0,0,0,0,0,1,,,82,353
1,4,361,3,,0,141,0.000,0.000,0,0,,1,0,,,,141,0,0,0,0,0,0,0,0,0,0,0,1,,,82,353
1,4,447,3,,0,38,0.000,0.000,0,0,,1,0,,,,38,0,0,0,0,0,0,0,0,0,0,0,1,,,82,353
1,4,447,3,,0,38,0.000,0.000,0,0,,1,0,,,,38,0,0,0,0,0,0,0,0,0,0,0,1,,,82,353
1,4,332,3,,0,6.778,0.000,0.000,0,0,,1,0,,,,6.778,0,0,0,0,0,0,0,0,0,0,0,1,,,82,353
1,4,332,3,,0,6.778,0.000,0.000,0,0,,1,0,,,,6.778,0,0,0,0,0,0,0,0,0,0,0,1,,,82,353
1,4,627,3,,0,170,0.000,0.000,0,0,,1,0,,,,170,0,0,0,0,0,0,0,0,0,0,0,1,,,82,353
1,4,627,3,,0,170,0.000,0.000,0,0,,1,0,,,,170,0,0,0,0,0,0,0,0,0,0,0,1,,,82,353
1,4,335,3,,0,719,0.000,0.000,0,0,,1,0,,,,719,0,0,0,0,0,0,0,0,0,0,0,1,,,82,353
1,4,335,3,,0,719,0.000,0.000,0,0,,1,0,,,,719,0,0,0,0,0,0,0,0,0,0,0,1,,,82,353
1,4,429,3,,0,111,0.000,0.000,0,0,,1,0,,,,111,0,0,0,0,0,0,0,0,0,0,0,1,,,82,353
1,4,429,3,,0,111,0.000,0.000,0,0,,1,0,,,,111,0,0,0,0,0,0,0,0,0,0,0,1,,,82,353
1,4,363,3,,0,10,0.000,0.000,0,0,,1,0,,,,10,0,0,0,0,0,0,0,0,0,0,0,1,,,82,353
1,4,363,3,,0,10,0.000,0.000,0,0,,1,0,,,,10,0,0,0,0,0,0,0,0,0,0,0,1,,,82,353
1,4,307,3,,0,96,0.000,0.000,0,0,,1,0,,,,96,0,0,0,0,0,0,0,0,0,0,0,1,,,82,353
1,4,307,3,,0,96,0.000,0.000,0,0,,1,0,,,,96,0,0,0,0,0,0,0,0,0,0,0,1,,,82,353
1,4,899,3,,0,1,0.000,0.000,0,0,,1,0,,,,1,0,0,0,0,0,0,0,0,0,0,0,1,,,41,453
1,4,899,3,,0,1,0.000,0.000,0,0,,1,0,,,,1,0,0,0,0,0,0,0,0,0,0,0,1,,,41,453
1,4,900,3,,0,9,0.000,0.000,0,0,,1,0,,,,9,0,0,0,0,0,0,0,0,0,0,0,1,,,41,453
1,4,900,3,,0,9,0.000,0.000,0,0,,1,0,,,,9,0,0,0,0,0,0,0,0,0,0,0,1,,,41,453
1,4,270,3,,0,15,0.000,0.000,0,0,,1,0,,,,15,0,0,0,0,0,0,0,0,0,0,0,1,,,82,353
1,4,270,3,,0,15,0.000,0.000,0,0,,1,0,,,,15,0,0,0,0,0,0,0,0,0,0,0,1,,,82,353
1,4,884,3,,0,2,0.000,0.000,0,0,,1,0,,,,2,0,0,0,0,0,0,0,0,0,0,0,1,,,41,318
1,4,884,3,,0,2,0.000,0.000,0,0,,1,0,,,,2,0,0,0,0,0,0,0,0,0,0,0,1,,,41,318
1,4,424,3,,0,59,0.000,0.000,0,0,,1,0,,,,59,0,0,0,0,0,0,0,0,0,0,0,1,,,82,353
1,4,424,3,,0,59,0.000,0.000,0,0,,1,0,,,,59,0,0,0,0,0,0,0,0,0,0,0,1,,,82,353
1,4,356,3,,0,13,0.000,0.000,0,0,,1,0,,,,13,0,0,0,0,0,0,0,0,0,0,0,1,,,82,353
1,4,356,3,,0,13,0.000,0.000,0,0,,1,0,,,,13,0,0,0,0,0,0,0,0,0,0,0,1,,,82,353
1,4,362,3,,0,17,0.000,0.000,0,0,,1,0,,,,17,0,0,0,0,0,0,0,0,0,0,0,1,,,82,353
1,4,362,3,,0,17,0.000,0.000,0,0,,1,0,,,,17,0,0,0,0,0,0,0,0,0,0,0,1,,,82,353
1,4,357,3,,0,20,0.000,0.000,0,0,,1,0,,,,20,0,0,0,0,0,0,0,0,0,0,0,1,,,82,353
1,4,357,3,,0,20,0.000,0.000,0,0,,1,0,,,,20,0,0,0,0,0,0,0,0,0,0,0,1,,,82,353
1,4,266,3,,0,13,0.000,0.000,0,0,,1,0,,,,13,0,0,0,0,0,0,0,0,0,0,0,1,,,82,353
1,4,266,3,,0,13,0.000,0.000,0,0,,1,0,,,,13,0,0,0,0,0,0,0,0,0,0,0,1,,,82,353
1,4,516,3,,0,13,0.000,0.000,0,0,,1,0,,,,13,0,0,0,0,0,0,0,0,0,0,0,1,,,82,353
1,4,516,3,,0,13,0.000,0.000,0,0,,1,0,,,,13,0,0,0,0,0,0,0,0,0,0,0,1,,,82,353
1,4,326,3,,0,2,0.000,0.000,0,0,,1,0,,,,2,0,0,0,0,0,0,0,0,0,0,0,1,,,82,353
1,4,326,3,,0,2,0.000,0.000,0,0,,1,0,,,,2,0,0,0,0,0,0,0,0,0,0,0,1,,,82,353
1,4,346,3,,0,7,0.000,0.000,0,0,,1,0,,,,7,0,0,0,0,0,0,0,0,0,0,0,1,,,82,353
1,4,346,3,,0,7,0.000,0.000,0,0,,1,0,,,,7,0,0,0,0,0,0,0,0,0,0,0,1,,,82,353
1,4,279,3,,0,30,0.000,0.000,0,0,,1,0,,,,30,0,0,0,0,0,0,0,0,0,0,0,1,,,82,353
1,4,279,3,,0,30,0.000,0.000,0,0,,1,0,,,,30,0,0,0,0,0,0,0,0,0,0,0,1,,,82,353
1,4,446,3,,0,9,0.000,0.000,0,0,,1,0,,,,9,0,0,0,0,0,0,0,0,0,0,0,1,,,82,353
1,4,446,3,,0,9,0.000,0.000,0,0,,1,0,,,,9,0,0,0,0,0,0,0,0,0,0,0,1,,,82,353
1,4,281,3,,0,25,0.000,0.000,0,0,,1,0,,,,25,0,0,0,0,0,0,0,0,0,0,0,1,,,82,353
1,4,281,3,,0,25,0.000,0.000,0,0,,1,0,,,,25,0,0,0,0,0,0,0,0,0,0,0,1,,,82,353
1,4,282,3,,0,38,0.000,0.000,0,0,,1,0,,,,38,0,0,0,0,0,0,0,0,0,0,0,1,,,82,353
1,4,282,3,,0,38,0.000,0.000,0,0,,1,0,,,,38,0,0,0,0,0,0,0,0,0,0,0,1,,,82,353
1,4,477,3,,0,50,0.000,0.000,0,0,,1,0,,,,50,0,0,0,0,0,0,0,0,0,0,0,1,,,82,353
1,4,477,3,,0,50,0.000,0.000,0,0,,1,0,,,,50,0,0,0,0,0,0,0,0,0,0,0,1,,,82,353
1,4,432,3,,0,27,0.000,0.000,0,0,,1,0,,,,27,0,0,0,0,0,0,0,0,0,0,0,1,,,82,353
1,4,432,3,,0,27,0.000,0.000,0,0,,1,0,,,,27,0,0,0,0,0,0,0,0,0,0,0,1,,,82,353
1,4,460,3,,0,30,0.000,0.000,0,0,,1,0,,,,30,0,0,0,0,0,0,0,0,0,0,0,1,,,82,353
1,4,460,3,,0,30,0.000,0.000,0,0,,1,0,,,,30,0,0,0,0,0,0,0,0,0,0,0,1,,,82,353
1,4,491,3,,0,0,0.000,0.000,0,0,,1,0,,,,0,0,0,0,0,0,0,0,0,0,0,0,1,,,82,353
1,4,491,3,,0,0,0.000,0.000,0,0,,1,0,,,,0,0,0,0,0,0,0,0,0,0,0,0,1,,,82,353
1,4,303,3,,0,2,0.000,0.000,0,0,,1,0,,,,2,0,0,0,0,0,0,0,0,0,0,0,1,,,82,353
1,4,303,3,,0,2,0.000,0.000,0,0,,1,0,,,,2,0,0,0,0,0,0,0,0,0,0,0,1,,,82,353
1,4,355,3,,0,4.3,0.000,0.000,0,0,,1,0,,,,4.3,0,0,0,0,0,0,0,0,0,0,0,1,,,82,353
1,4,355,3,,0,4.3,0.000,0.000,0,0,,1,0,,,,4.3,0,0,0,0,0,0,0,0,0,0,0,1,,,82,353
1,4,338,3,,0,154,0.000,0.000,0,0,,1,0,,,,154,0,0,0,0,0,0,0,0,0,0,0,1,,,82,353
1,4,338,3,,0,154,0.000,0.000,0,0,,1,0,,,,154,0,0,0,0,0,0,0,0,0,0,0,1,,,82,353
1,4,479,3,,0,0.97,0.000,0.000,0,0,,1,0,,,,0.97,0,0,0,0,0,0,0,0,0,0,0,1,,,82,353
1,4,479,3,,0,0.97,0.000,0.000,0,0,,1,0,,,,0.97,0,0,0,0,0,0,0,0,0,0,0,1,,,82,353
1,4,388,3,,0,2.6925,0.000,0.000,0,0,,1,0,,,,2.6925,0,0,0,0,0,0,0,0,0,0,0,1,,,82,353
1,4,388,3,,0,2.6925,0.000,0.000,0,0,,1,0,,,,2.6925,0,0,0,0,0,0,0,0,0,0,0,1,,,82,353
1,4,472,3,,0,2.69,0.000,0.000,0,0,,1,0,,,,2.69,0,0,0,0,0,0,0,0,0,0,0,1,,,82,353
1,4,472,3,,0,2.69,0.000,0.000,0,0,,1,0,,,,2.69,0,0,0,0,0,0,0,0,0,0,0,1,,,82,353
1,4,555,3,,0,596,0.000,0.000,0,0,,1,0,,,,596,0,0,0,0,0,0,0,0,0,0,0,1,,,82,354
1,4,555,3,,0,596,0.000,0.000,0,0,,1,0,,,,596,0,0,0,0,0,0,0,0,0,0,0,1,,,82,354
1,4,554,3,,0,794,0.000,0.000,0,0,,1,0,,,,794,0,0,0,0,0,0,0,0,0,0,0,1,,,82,354
1,4,554,3,,0,794,0.000,0.000,0,0,,1,0,,,,794,0,0,0,0,0,0,0,0,0,0,0,1,,,82,354
1,4,437,3,,0,3.37,0.000,0.000,0,0,,1,0,,,,3.37,0,0,0,0,0,0,0,0,0,0,0,1,,,82,353
1,4,437,3,,0,3.37,0.000,0.000,0,0,,1,0,,,,3.37,0,0,0,0,0,0,0,0,0,0,0,1,,,82,353
1,4,290,3,,0,4.185,0.000,0.000,0,0,,1,0,,,,4.185,0,0,0,0,0,0,0,0,0,0,0,1,,,82,353
1,4,290,3,,0,4.185,0.000,0.000,0,0,,1,0,,,,4.185,0,0,0,0,0,0,0,0,0,0,0,1,,,82,353
1,4,470,3,,0,4100,0.000,0.000,0,0,,1,0,,,,4100,0,0,0,0,0,0,0,0,0,0,0,1,,,82,354
1,4,470,3,,0,4100,0.000,0.000,0,0,,1,0,,,,4100,0,0,0,0,0,0,0,0,0,0,0,1,,,82,354
1,4,358,3,,0,9.236,0.000,0.000,0,0,,1,0,,,,9.236,0,0,0,0,0,0,0,0,0,0,0,1,,,82,353
1,4,358,3,,0,9.236,0.000,0.000,0,0,,1,0,,,,9.236,0,0,0,0,0,0,0,0,0,0,0,1,,,82,353
1,4,276,3,,0,45.8469,0.000,0.000,0,0,,1,0,,,,45.8469,0,0,0,0,0,0,0,0,0,0,0,1,,,82,353
1,4,276,3,,0,45.8469,0.000,0.000,0,0,,1,0,,,,45.8469,0,0,0,0,0,0,0,0,0,0,0,1,,,82,353
1,4,314,3,,0,500,0.000,0.000,0,0,,1,0,,,,500,0,0,0,0,0,0,0,0,0,0,0,1,,,82,353
1,4,314,3,,0,500,0.000,0.000,0,0,,1,0,,,,500,0,0,0,0,0,0,0,0,0,0,0,1,,,82,353
1,4,457,3,,0,4434,0.000,0.000,0,0,,1,0,,,,4434,0,0,0,0,0,0,0,0,0,0,0,1,,,82,353
1,4,457,3,,0,4434,0.000,0.000,0,0,,1,0,,,,4434,0,0,0,0,0,0,0,0,0,0,0,1,,,82,353
1,4,336,3,,0,19,0.000,0.000,0,0,,1,0,,,,19,0,0,0,0,0,0,0,0,0,0,0,1,,,82,354
1,4,336,3,,0,19,0.000,0.000,0,0,,1,0,,,,19,0,0,0,0,0,0,0,0,0,0,0,1,,,82,354
1,4,412,3,,0,3500,0.000,0.000,0,0,,1,0,,,,3500,0,0,0,0,0,0,0,0,0,0,0,1,,,82,354
1,4,412,3,,0,3500,0.000,0.000,0,0,,1,0,,,,3500,0,0,0,0,0,0,0,0,0,0,0,1,,,82,354
1,4,278,3,,0,4400,0.000,0.000,0,0,,1,0,,,,4400,0,0,0,0,0,0,0,0,0,0,0,1,,,82,353
1,4,278,3,,0,4400,0.000,0.000,0,0,,1,0,,,,4400,0,0,0,0,0,0,0,0,0,0,0,1,,,82,353
1,4,499,3,,0,1,0.000,0.000,0,0,,1,0,,,,1,0,0,0,0,0,0,0,0,0,0,0,1,,,82,354
1,4,499,3,,0,1,0.000,0.000,0,0,,1,0,,,,1,0,0,0,0,0,0,0,0,0,0,0,1,,,82,354
1,4,391,3,,0,1,0.000,0.000,0,0,,1,0,,,,1,0,0,0,0,0,0,0,0,0,0,0,1,,,82,354
1,4,391,3,,0,1,0.000,0.000,0,0,,1,0,,,,1,0,0,0,0,0,0,0,0,0,0,0,1,,,82,354
1,4,277,3,,0,3,0.000,0.000,0,0,,1,0,,,,3,0,0,0,0,0,0,0,0,0,0,0,1,,,82,354
1,4,277,3,,0,3,0.000,0.000,0,0,,1,0,,,,3,0,0,0,0,0,0,0,0,0,0,0,1,,,82,354
1,4,444,3,,0,2,0.000,0.000,0,0,,1,0,,,,2,0,0,0,0,0,0,0,0,0,0,0,1,,,82,354
1,4,444,3,,0,2,0.000,0.000,0,0,,1,0,,,,2,0,0,0,0,0,0,0,0,0,0,0,1,,,82,354
1,4,510,3,,0,1,0.000,0.000,0,0,,1,0,,,,1,0,0,0,0,0,0,0,0,0,0,0,1,,,82,354
1,4,510,3,,0,1,0.000,0.000,0,0,,1,0,,,,1,0,0,0,0,0,0,0,0,0,0,0,1,,,82,354
1,4,390,3,,0,57,0.000,0.000,0,0,,1,0,,,,57,0,0,0,0,0,0,0,0,0,0,0,1,,,82,392
1,4,390,3,,0,57,0.000,0.000,0,0,,1,0,,,,57,0,0,0,0,0,0,0,0,0,0,0,1,,,82,392
1,4,556,3,,0,794,0.000,0.000,0,0,,1,0,,,,794,0,0,0,0,0,0,0,0,0,0,0,1,,,82,354
1,4,556,3,,0,794,0.000,0.000,0,0,,1,0,,,,794,0,0,0,0,0,0,0,0,0,0,0,1,,,82,354
1,4,937,3,,0,6,0.000,0.000,0,0,,1,0,,,,6,0,0,0,0,0,0,0,0,0,0,0,1,,,82,354
1,4,937,3,,0,6,0.000,0.000,0,0,,1,0,,,,6,0,0,0,0,0,0,0,0,0,0,0,1,,,82,354
1,4,471,3,,0,7.94,0.000,0.000,0,0,,1,0,,,,7.94,0,0,0,0,0,0,0,0,0,0,0,1,,,82,353
1,4,471,3,,0,7.94,0.000,0.000,0,0,,1,0,,,,7.94,0,0,0,0,0,0,0,0,0,0,0,1,,,82,353
1,4,405,3,,0,0,0.000,0.000,0,0,,1,0,,,,0,0,0,0,0,0,0,0,0,0,0,0,1,,,82,353
1,4,405,3,,0,0,0.000,0.000,0,0,,1,0,,,,0,0,0,0,0,0,0,0,0,0,0,0,1,,,82,353
1,4,534,3,,0,168,0.000,0.000,0,0,,1,0,,,,168,0,0,0,0,0,0,0,0,0,0,0,1,,,82,353
1,4,534,3,,0,168,0.000,0.000,0,0,,1,0,,,,168,0,0,0,0,0,0,0,0,0,0,0,1,,,82,353
1,4,373,3,,0,24,0.000,0.000,0,0,,1,0,,,,24,0,0,0,0,0,0,0,0,0,0,0,1,,,82,353
1,4,373,3,,0,24,0.000,0.000,0,0,,1,0,,,,24,0,0,0,0,0,0,0,0,0,0,0,1,,,82,353
1,4,535,3,,0,336,0.000,0.000,0,0,,1,0,,,,336,0,0,0,0,0,0,0,0,0,0,0,1,,,82,353
1,4,535,3,,0,336,0.000,0.000,0,0,,1,0,,,,336,0,0,0,0,0,0,0,0,0,0,0,1,,,82,353
1,4,519,3,,0,84,0.000,0.000,0,0,,1,0,,,,84,0,0,0,0,0,0,0,0,0,0,0,1,,,82,353
1,4,519,3,,0,84,0.000,0.000,0,0,,1,0,,,,84,0,0,0,0,0,0,0,0,0,0,0,1,,,82,353
1,4,328,3,,0,500,0.000,0.000,0,0,,1,0,,,,500,0,0,0,0,0,0,0,0,0,0,0,1,,,82,354
1,4,328,3,,0,500,0.000,0.000,0,0,,1,0,,,,500,0,0,0,0,0,0,0,0,0,0,0,1,,,82,354
1,4,393,3,,0,2500,0.000,0.000,0,0,,1,0,,,,2500,0,0,0,0,0,0,0,0,0,0,0,1,,,82,354
1,4,393,3,,0,2500,0.000,0.000,0,0,,1,0,,,,2500,0,0,0,0,0,0,0,0,0,0,0,1,,,82,354
1,4,337,3,,0,1000,0.000,0.000,0,0,,1,0,,,,1000,0,0,0,0,0,0,0,0,0,0,0,1,,,82,354
1,4,337,3,,0,1000,0.000,0.000,0,0,,1,0,,,,1000,0,0,0,0,0,0,0,0,0,0,0,1,,,82,354
1,4,325,3,,0,12,0.000,0.000,0,0,,1,0,,,,12,0,0,0,0,0,0,0,0,0,0,0,1,,,82,354
1,4,325,3,,0,12,0.000,0.000,0,0,,1,0,,,,12,0,0,0,0,0,0,0,0,0,0,0,1,,,82,354
1,4,525,3,,0,2,0.000,0.000,0,0,,1,0,,,,2,0,0,0,0,0,0,0,0,0,0,0,1,,,82,354
1,4,525,3,,0,2,0.000,0.000,0,0,,1,0,,,,2,0,0,0,0,0,0,0,0,0,0,0,1,,,82,354
1,4,524,3,,0,1,0.000,0.000,0,0,,1,0,,,,1,0,0,0,0,0,0,0,0,0,0,0,1,,,82,354
1,4,524,3,,0,1,0.000,0.000,0,0,,1,0,,,,1,0,0,0,0,0,0,0,0,0,0,0,1,,,82,354
1,4,511,3,,0,24,0.000,0.000,0,0,,1,0,,,,24,0,0,0,0,0,0,0,0,0,0,0,1,,,82,354
1,4,511,3,,0,24,0.000,0.000,0,0,,1,0,,,,24,0,0,0,0,0,0,0,0,0,0,0,1,,,82,354
1,4,445,3,,0,50,0.000,0.000,0,0,,1,0,,,,50,0,0,0,0,0,0,0,0,0,0,0,1,,,82,354
1,4,445,3,,0,50,0.000,0.000,0,0,,1,0,,,,50,0,0,0,0,0,0,0,0,0,0,0,1,,,82,354
1,4,512,3,,0,1,0.000,0.000,0,0,,1,0,,,,1,0,0,0,0,0,0,0,0,0,0,0,1,,,82,354
1,4,512,3,,0,1,0.000,0.000,0,0,,1,0,,,,1,0,0,0,0,0,0,0,0,0,0,0,1,,,82,354
1,4,513,3,,0,1,0.000,0.000,0,0,,1,0,,,,1,0,0,0,0,0,0,0,0,0,0,0,1,,,82,354
1,4,513,3,,0,1,0.000,0.000,0,0,,1,0,,,,1,0,0,0,0,0,0,0,0,0,0,0,1,,,82,354
1,4,514,3,,0,13,0.000,0.000,0,0,,1,0,,,,13,0,0,0,0,0,0,0,0,0,0,0,1,,,82,354
1,4,514,3,,0,13,0.000,0.000,0,0,,1,0,,,,13,0,0,0,0,0,0,0,0,0,0,0,1,,,82,354
1,4,464,3,,0,25,0.000,0.000,0,0,,1,0,,,,25,0,0,0,0,0,0,0,0,0,0,0,1,,,82,354
1,4,464,3,,0,25,0.000,0.000,0,0,,1,0,,,,25,0,0,0,0,0,0,0,0,0,0,0,1,,,82,354
1,4,317,3,,0,76,0.000,0.000,0,0,,1,0,,,,76,0,0,0,0,0,0,0,0,0,0,0,1,,,82,353
1,4,317,3,,0,76,0.000,0.000,0,0,,1,0,,,,76,0,0,0,0,0,0,0,0,0,0,0,1,,,82,353
1,4,416,3,,0,300,0.000,0.000,0,0,,1,0,,,,300,0,0,0,0,0,0,0,0,0,0,0,1,,,82,353
1,4,416,3,,0,300,0.000,0.000,0,0,,1,0,,,,300,0,0,0,0,0,0,0,0,0,0,0,1,,,82,353
1,4,502,3,,0,800,0.000,0.000,0,0,,1,0,,,,800,0,0,0,0,0,0,0,0,0,0,0,1,,,82,354
1,4,502,3,,0,800,0.000,0.000,0,0,,1,0,,,,800,0,0,0,0,0,0,0,0,0,0,0,1,,,82,354
5,4,731,3,,20,19,0.000,0.000,0,0,,1,0,,,,19,0,0,0,0,0,0,0,0,0,0,0,1,,,33,338
5,4,731,3,,20,19,0.000,0.000,0,0,,1,0,,,,19,0,0,0,0,0,0,0,0,0,0,0,1,,,33,338
5,4,732,3,,0,2,0.000,0.000,0,0,,1,0,,,,2,0,0,0,0,0,0,0,0,0,0,0,1,,,33,338
5,4,732,3,,0,2,0.000,0.000,0,0,,1,0,,,,2,0,0,0,0,0,0,0,0,0,0,0,1,,,33,338
5,4,733,3,,25,23,0.000,0.000,0,0,,1,0,,,,23,0,0,0,0,0,0,0,0,0,0,0,1,,,33,338
5,4,733,3,,25,23,0.000,0.000,0,0,,1,0,,,,23,0,0,0,0,0,0,0,0,0,0,0,1,,,33,338
5,4,734,3,,22,22,0.000,0.000,0,0,,1,0,,,,22,0,0,0,0,0,0,0,0,0,0,0,1,,,33,338
5,4,734,3,,22,22,0.000,0.000,0,0,,1,0,,,,22,0,0,0,0,0,0,0,0,0,0,0,1,,,33,338
5,4,771,3,,7,7,0.000,0.000,0,0,,1,0,,,,7,0,0,0,0,0,0,0,0,0,0,0,1,,,33,338
5,4,771,3,,7,7,0.000,0.000,0,0,,1,0,,,,7,0,0,0,0,0,0,0,0,0,0,0,1,,,33,338
5,4,772,3,,1,1,0.000,0.000,0,0,,1,0,,,,1,0,0,0,0,0,0,0,0,0,0,0,1,,,33,338
5,4,772,3,,1,1,0.000,0.000,0,0,,1,0,,,,1,0,0,0,0,0,0,0,0,0,0,0,1,,,33,338
5,4,773,3,,1,1,0.000,0.000,0,0,,1,0,,,,1,0,0,0,0,0,0,0,0,0,0,0,1,,,33,338
5,4,773,3,,1,1,0.000,0.000,0,0,,1,0,,,,1,0,0,0,0,0,0,0,0,0,0,0,1,,,33,338
5,4,774,3,,4,4,0.000,0.000,0,0,,1,0,,,,4,0,0,0,0,0,0,0,0,0,0,0,1,,,33,338
5,4,774,3,,4,4,0.000,0.000,0,0,,1,0,,,,4,0,0,0,0,0,0,0,0,0,0,0,1,,,33,338
5,4,775,3,,4,3,0.000,0.000,0,0,,1,0,,,,3,0,0,0,0,0,0,0,0,0,0,0,1,,,33,338
5,4,775,3,,4,3,0.000,0.000,0,0,,1,0,,,,3,0,0,0,0,0,0,0,0,0,0,0,1,,,33,338
5,4,776,3,,8,12,0.000,0.000,0,0,,1,0,,,,12,0,0,0,0,0,0,0,0,0,0,0,1,,,33,338
5,4,776,3,,8,12,0.000,0.000,0,0,,1,0,,,,12,0,0,0,0,0,0,0,0,0,0,0,1,,,33,338
5,4,777,3,,11,8,0.000,0.000,0,0,,1,0,,,,8,0,0,0,0,0,0,0,0,0,0,0,1,,,33,338
5,4,777,3,,11,8,0.000,0.000,0,0,,1,0,,,,8,0,0,0,0,0,0,0,0,0,0,0,1,,,33,338
5,4,778,3,,4,4,0.000,0.000,0,0,,1,0,,,,4,0,0,0,0,0,0,0,0,0,0,0,1,,,33,338
5,4,778,3,,4,4,0.000,0.000,0,0,,1,0,,,,4,0,0,0,0,0,0,0,0,0,0,0,1,,,33,338
5,4,779,3,,8,9,0.000,0.000,0,0,,1,0,,,,9,0,0,0,0,0,0,0,0,0,0,0,1,,,33,338
5,4,779,3,,8,9,0.000,0.000,0,0,,1,0,,,,9,0,0,0,0,0,0,0,0,0,0,0,1,,,33,338
5,4,780,3,,7,6,0.000,0.000,0,0,,1,0,,,,6,0,0,0,0,0,0,0,0,0,0,0,1,,,33,338
5,4,780,3,,7,6,0.000,0.000,0,0,,1,0,,,,6,0,0,0,0,0,0,0,0,0,0,0,1,,,33,338
5,4,729,3,,396,396,0.000,0.000,0,0,,1,0,,,,396,0,0,0,0,0,0,0,0,0,0,0,1,,,33,338
5,4,729,3,,396,396,0.000,0.000,0,0,,1,0,,,,396,0,0,0,0,0,0,0,0,0,0,0,1,,,33,338
5,4,730,3,,161,160,0.000,0.000,0,0,,1,0,,,,160,0,0,0,0,0,0,0,0,0,0,0,1,,,33,338
5,4,730,3,,161,160,0.000,0.000,0,0,,1,0,,,,160,0,0,0,0,0,0,0,0,0,0,0,1,,,33,338
5,4,676,3,,7,42,1159.829,958.537,0,0,,1,0,,,,42,0,0,0,0,0,0,0,0,0,0,0,1,,,33,338
5,4,676,3,,7,42,1159.829,958.537,0,0,,1,0,,,,42,0,0,0,0,0,0,0,0,0,0,0,1,,,33,338
5,4,677,3,,6,36,1201.798,993.222,0,0,,1,0,,,,36,0,0,0,0,0,0,0,0,0,0,0,1,,,33,338
5,4,677,3,,6,36,1201.798,993.222,0,0,,1,0,,,,36,0,0,0,0,0,0,0,0,0,0,0,1,,,33,338
5,4,678,3,,-1,2,0.000,0.000,0,0,,1,0,,,,2,0,0,0,0,0,0,0,0,0,0,0,1,,,33,338
5,4,678,3,,-1,2,0.000,0.000,0,0,,1,0,,,,2,0,0,0,0,0,0,0,0,0,0,0,1,,,33,338
5,4,682,3,,-4,4,0.000,0.000,0,0,,1,0,,,,4,0,0,0,0,0,0,0,0,0,0,0,1,,,33,338
5,4,682,3,,-4,4,0.000,0.000,0,0,,1,0,,,,4,0,0,0,0,0,0,0,0,0,0,0,1,,,33,338
5,4,689,3,,11,12,0.000,0.000,0,0,,1,0,,,,12,0,0,0,0,0,0,0,0,0,0,0,1,,,33,338
5,4,689,3,,11,12,0.000,0.000,0,0,,1,0,,,,12,0,0,0,0,0,0,0,0,0,0,0,1,,,33,338
5,4,690,3,,19,0,2764.254,2284.508,0,0,,1,0,,,,0,0,0,0,0,0,0,0,0,0,0,0,1,,,33,338
5,4,690,3,,19,0,2764.254,2284.508,0,0,,1,0,,,,0,0,0,0,0,0,0,0,0,0,0,0,1,,,33,338
5,4,691,3,,21,21,0.000,0.000,0,0,,1,0,,,,21,0,0,0,0,0,0,0,0,0,0,0,1,,,33,338
5,4,691,3,,21,21,0.000,0.000,0,0,,1,0,,,,21,0,0,0,0,0,0,0,0,0,0,0,1,,,33,338
5,4,697,3,,10,80,2764.254,2284.508,0,0,,1,0,,,,80,0,0,0,0,0,0,0,0,0,0,0,1,,,33,338
5,4,697,3,,10,80,2764.254,2284.508,0,0,,1,0,,,,80,0,0,0,0,0,0,0,0,0,0,0,1,,,33,338
5,4,698,3,,6,36,1201.798,993.222,0,0,,1,0,,,,36,0,0,0,0,0,0,0,0,0,0,0,1,,,33,338
5,4,698,3,,6,36,1201.798,993.222,0,0,,1,0,,,,36,0,0,0,0,0,0,0,0,0,0,0,1,,,33,338
5,4,700,3,,3,18,1159.845,958.550,0,0,,1,0,,,,18,0,0,0,0,0,0,0,0,0,0,0,1,,,33,338
5,4,700,3,,3,18,1159.845,958.550,0,0,,1,0,,,,18,0,0,0,0,0,0,0,0,0,0,0,1,,,33,338
6,4,731,3,,19,19,0.000,0.000,0,0,,1,0,,,,19,0,0,0,0,0,0,0,0,0,0,0,1,,,33,338
6,4,731,3,,19,19,0.000,0.000,0,0,,1,0,,,,19,0,0,0,0,0,0,0,0,0,0,0,1,,,33,338
6,4,732,3,,2,2,0.000,0.000,0,0,,1,0,,,,2,0,0,0,0,0,0,0,0,0,0,0,,,0,33,338
6,4,732,3,,2,2,0.000,0.000,0,0,,1,0,,,,2,0,0,0,0,0,0,0,0,0,0,0,,,0,33,338
6,4,733,3,,23,23,0.000,0.000,0,0,,1,0,,,,23,0,0,0,0,0,0,0,0,0,0,0,1,,,33,338
6,4,733,3,,23,23,0.000,0.000,0,0,,1,0,,,,23,0,0,0,0,0,0,0,0,0,0,0,1,,,33,338
6,4,734,3,,22,22,0.000,0.000,0,0,,1,0,,,,22,0,0,0,0,0,0,0,0,0,0,0,,,0,33,338
6,4,734,3,,22,22,0.000,0.000,0,0,,1,0,,,,22,0,0,0,0,0,0,0,0,0,0,0,,,0,33,338
6,4,771,3,,7,7,0.000,0.000,0,0,,1,0,,,,7,0,0,0,0,0,0,0,0,0,0,0,1,,,33,338
6,4,771,3,,7,7,0.000,0.000,0,0,,1,0,,,,7,0,0,0,0,0,0,0,0,0,0,0,1,,,33,338
6,4,772,3,,1,1,0.000,0.000,0,0,,1,0,,,,1,0,0,0,0,0,0,0,0,0,0,0,1,,,33,338
6,4,772,3,,1,1,0.000,0.000,0,0,,1,0,,,,1,0,0,0,0,0,0,0,0,0,0,0,1,,,33,338
6,4,773,3,,1,1,0.000,0.000,0,0,,1,0,,,,1,0,0,0,0,0,0,0,0,0,0,0,1,,,33,338
6,4,773,3,,1,1,0.000,0.000,0,0,,1,0,,,,1,0,0,0,0,0,0,0,0,0,0,0,1,,,33,338
6,4,774,3,,4,4,0.000,0.000,0,0,,1,0,,,,4,0,0,0,0,0,0,0,0,0,0,0,1,,,33,338
6,4,774,3,,4,4,0.000,0.000,0,0,,1,0,,,,4,0,0,0,0,0,0,0,0,0,0,0,1,,,33,338
6,4,775,3,,3,3,0.000,0.000,0,0,,1,0,,,,3,0,0,0,0,0,0,0,0,0,0,0,1,,,33,338
6,4,775,3,,3,3,0.000,0.000,0,0,,1,0,,,,3,0,0,0,0,0,0,0,0,0,0,0,1,,,33,338
6,4,776,3,,12,12,0.000,0.000,0,0,,1,0,,,,12,0,0,0,0,0,0,0,0,0,0,0,1,,,33,338
6,4,776,3,,12,12,0.000,0.000,0,0,,1,0,,,,12,0,0,0,0,0,0,0,0,0,0,0,1,,,33,338
6,4,777,3,,8,7,0.000,0.000,0,0,,1,0,,,,7,0,0,0,0,0,0,0,0,0,0,0,1,,,33,338
6,4,777,3,,8,7,0.000,0.000,0,0,,1,0,,,,7,0,0,0,0,0,0,0,0,0,0,0,1,,,33,338
6,4,778,3,,4,4,0.000,0.000,0,0,,1,0,,,,4,0,0,0,0,0,0,0,0,0,0,0,1,,,33,338
6,4,778,3,,4,4,0.000,0.000,0,0,,1,0,,,,4,0,0,0,0,0,0,0,0,0,0,0,1,,,33,338
6,4,779,3,,9,9,0.000,0.000,0,0,,1,0,,,,9,0,0,0,0,0,0,0,0,0,0,0,1,,,33,338
6,4,779,3,,9,9,0.000,0.000,0,0,,1,0,,,,9,0,0,0,0,0,0,0,0,0,0,0,1,,,33,338
6,4,780,3,,6,6,0.000,0.000,0,0,,1,0,,,,6,0,0,0,0,0,0,0,0,0,0,0,1,,,33,338
6,4,780,3,,6,6,0.000,0.000,0,0,,1,0,,,,6,0,0,0,0,0,0,0,0,0,0,0,1,,,33,338
6,4,729,3,,395,395,0.000,0.000,0,0,,1,0,,,,395,0,0,0,0,0,0,0,0,0,0,0,1,,,33,338
6,4,729,3,,395,395,0.000,0.000,0,0,,1,0,,,,395,0,0,0,0,0,0,0,0,0,0,0,1,,,33,338
6,4,730,3,,160,160,0.000,0.000,0,0,,1,0,,,,160,0,0,0,0,0,0,0,0,0,0,0,1,,,33,338
6,4,730,3,,160,160,0.000,0.000,0,0,,1,0,,,,160,0,0,0,0,0,0,0,0,0,0,0,1,,,33,338
6,4,676,3,,161,161,1159.830,958.537,0,0,,1,0,,,,161,0,0,0,0,0,0,0,0,0,0,0,1,,,33,338
6,4,676,3,,161,161,1159.830,958.537,0,0,,1,0,,,,161,0,0,0,0,0,0,0,0,0,0,0,1,,,33,338
6,4,677,3,,60,60,1279.139,993.222,0,0,,1,0,,,,60,0,0,0,0,0,0,0,0,0,0,0,1,,,33,338
6,4,677,3,,60,60,1279.139,993.222,0,0,,1,0,,,,60,0,0,0,0,0,0,0,0,0,0,0,1,,,33,338
6,4,678,3,,2,2,0.000,0.000,0,0,,1,0,,,,2,0,0,0,0,0,0,0,0,0,0,0,1,,,33,338
6,4,678,3,,2,2,0.000,0.000,0,0,,1,0,,,,2,0,0,0,0,0,0,0,0,0,0,0,1,,,33,338
6,4,682,3,,4,4,0.000,0.000,0,0,,1,0,,,,4,0,0,0,0,0,0,0,0,0,0,0,1,,,33,338
6,4,682,3,,4,4,0.000,0.000,0,0,,1,0,,,,4,0,0,0,0,0,0,0,0,0,0,0,1,,,33,338
6,4,689,3,,12,13,0.000,0.000,0,0,,1,0,,,,13,0,0,0,0,0,0,0,0,0,0,0,1,,,33,338
6,4,689,3,,12,13,0.000,0.000,0,0,,1,0,,,,13,0,0,0,0,0,0,0,0,0,0,0,1,,,33,338
6,4,690,3,,24,24,2764.254,2284.508,0,0,,1,0,,,,24,0,0,0,0,0,0,0,0,0,0,0,1,,,33,338
6,4,690,3,,24,24,2764.254,2284.508,0,0,,1,0,,,,24,0,0,0,0,0,0,0,0,0,0,0,1,,,33,338
6,4,691,3,,21,21,0.000,0.000,0,0,,1,0,,,,21,0,0,0,0,0,0,0,0,0,0,0,1,,,33,338
6,4,691,3,,21,21,0.000,0.000,0,0,,1,0,,,,21,0,0,0,0,0,0,0,0,0,0,0,1,,,33,338
6,4,697,3,,96,96,2942.145,2284.508,0,0,,1,0,,,,96,0,0,0,0,0,0,0,0,0,0,0,1,,,33,338
6,4,697,3,,96,96,2942.145,2284.508,0,0,,1,0,,,,96,0,0,0,0,0,0,0,0,0,0,0,1,,,33,338
6,4,698,3,,60,60,1279.139,993.222,0,0,,1,0,,,,60,0,0,0,0,0,0,0,0,0,0,0,1,,,33,338
6,4,698,3,,60,60,1279.139,993.222,0,0,,1,0,,,,60,0,0,0,0,0,0,0,0,0,0,0,1,,,33,338
6,4,700,3,,138,138,1234.469,958.537,0,0,,1,0,,,,138,0,0,0,0,0,0,0,0,0,0,0,1,,,33,338
6,4,700,3,,138,138,1234.469,958.537,0,0,,1,0,,,,138,0,0,0,0,0,0,0,0,0,0,0,1,,,33,338
4,4,677,3,,12,12,1279.198,993.222,0,0,,1,0,,,,12,0,0,0,0,0,0,0,0,0,0,0,,,0,33,338
4,4,677,3,,12,12,1279.198,993.222,0,0,,1,0,,,,12,0,0,0,0,0,0,0,0,0,0,0,,,0,33,338
4,4,698,3,,12,12,1279.198,993.222,0,0,,1,0,,,,12,0,0,0,0,0,0,0,0,0,0,0,,,0,33,338
4,4,698,3,,12,12,1279.198,993.222,0,0,,1,0,,,,12,0,0,0,0,0,0,0,0,0,0,0,,,0,33,338
4,4,690,3,,17,17,3923.048,2284.508,0,0,,1,0,,,,17,0,0,0,0,0,0,0,0,0,0,0,,,0,33,338
4,4,690,3,,17,17,3923.048,2284.508,0,0,,1,0,,,,17,0,0,0,0,0,0,0,0,0,0,0,,,0,33,338
4,4,676,3,,61,61,1234.481,958.537,0,0,,1,0,,,,61,0,0,0,0,0,0,0,0,0,0,0,,,0,33,338
4,4,676,3,,61,61,1234.481,958.537,0,0,,1,0,,,,61,0,0,0,0,0,0,0,0,0,0,0,,,0,33,338
4,4,697,3,,8,8,3923.048,2284.508,0,0,,1,0,,,,8,0,0,0,0,0,0,0,0,0,0,0,,,0,33,338
4,4,697,3,,8,8,3923.048,2284.508,0,0,,1,0,,,,8,0,0,0,0,0,0,0,0,0,0,0,,,0,33,338
4,4,700,3,,60,60,1234.546,958.550,0,0,,1,0,,,,60,0,0,0,0,0,0,0,0,0,0,0,,,0,33,338
4,4,700,3,,60,60,1234.546,958.550,0,0,,1,0,,,,60,0,0,0,0,0,0,0,0,0,0,0,,,0,33,338
4,4,729,3,,396,396,0.000,0.000,0,0,,1,0,,,,396,0,0,0,0,0,0,0,0,0,0,0,,,0,33,338
4,4,729,3,,396,396,0.000,0.000,0,0,,1,0,,,,396,0,0,0,0,0,0,0,0,0,0,0,,,0,33,338
4,4,689,3,,11,11,0.000,0.000,0,0,,1,0,,,,11,0,0,0,0,0,0,0,0,0,0,0,,,0,33,338
4,4,689,3,,11,11,0.000,0.000,0,0,,1,0,,,,11,0,0,0,0,0,0,0,0,0,0,0,,,0,33,338
4,4,691,3,,21,21,0.000,0.000,0,0,,1,0,,,,21,0,0,0,0,0,0,0,0,0,0,0,,,0,33,338
4,4,691,3,,21,21,0.000,0.000,0,0,,1,0,,,,21,0,0,0,0,0,0,0,0,0,0,0,,,0,33,338
4,4,730,3,,161,161,0.000,0.000,0,0,,1,0,,,,161,0,0,0,0,0,0,0,0,0,0,0,,,0,33,338
4,4,730,3,,161,161,0.000,0.000,0,0,,1,0,,,,161,0,0,0,0,0,0,0,0,0,0,0,,,0,33,338
4,4,731,3,,26,20,0.000,0.000,0,0,,1,0,,,,20,0,0,0,0,0,0,0,0,0,0,0,1,,,33,338
4,4,731,3,,26,20,0.000,0.000,0,0,,1,0,,,,20,0,0,0,0,0,0,0,0,0,0,0,1,,,33,338
4,4,732,3,,0,0,0.000,0.000,0,0,,1,0,,,,0,0,0,0,0,0,0,0,0,0,0,0,,,0,33,338
4,4,732,3,,0,0,0.000,0.000,0,0,,1,0,,,,0,0,0,0,0,0,0,0,0,0,0,0,,,0,33,338
4,4,733,3,,25,25,0.000,0.000,0,0,,1,0,,,,25,0,0,0,0,0,0,0,0,0,0,0,,,0,33,338
4,4,733,3,,25,25,0.000,0.000,0,0,,1,0,,,,25,0,0,0,0,0,0,0,0,0,0,0,,,0,33,338
4,4,734,3,,22,22,0.000,0.000,0,0,,1,0,,,,22,0,0,0,0,0,0,0,0,0,0,0,,,0,33,338
4,4,734,3,,22,22,0.000,0.000,0,0,,1,0,,,,22,0,0,0,0,0,0,0,0,0,0,0,,,0,33,338
4,4,771,3,,7,7,0.000,0.000,0,0,,1,0,,,,7,0,0,0,0,0,0,0,0,0,0,0,,,0,33,338
4,4,771,3,,7,7,0.000,0.000,0,0,,1,0,,,,7,0,0,0,0,0,0,0,0,0,0,0,,,0,33,338
4,4,772,3,,1,1,0.000,0.000,0,0,,1,0,,,,1,0,0,0,0,0,0,0,0,0,0,0,,,0,33,338
4,4,772,3,,1,1,0.000,0.000,0,0,,1,0,,,,1,0,0,0,0,0,0,0,0,0,0,0,,,0,33,338
4,4,773,3,,1,1,0.000,0.000,0,0,,1,0,,,,1,0,0,0,0,0,0,0,0,0,0,0,,,0,33,338
4,4,773,3,,1,1,0.000,0.000,0,0,,1,0,,,,1,0,0,0,0,0,0,0,0,0,0,0,,,0,33,338
4,4,774,3,,4,4,0.000,0.000,0,0,,1,0,,,,4,0,0,0,0,0,0,0,0,0,0,0,,,0,33,338
4,4,774,3,,4,4,0.000,0.000,0,0,,1,0,,,,4,0,0,0,0,0,0,0,0,0,0,0,,,0,33,338
4,4,775,3,,4,4,0.000,0.000,0,0,,1,0,,,,4,0,0,0,0,0,0,0,0,0,0,0,,,0,33,338
4,4,775,3,,4,4,0.000,0.000,0,0,,1,0,,,,4,0,0,0,0,0,0,0,0,0,0,0,,,0,33,338
4,4,776,3,,8,8,0.000,0.000,0,0,,1,0,,,,8,0,0,0,0,0,0,0,0,0,0,0,,,0,33,338
4,4,776,3,,8,8,0.000,0.000,0,0,,1,0,,,,8,0,0,0,0,0,0,0,0,0,0,0,,,0,33,338
4,4,777,3,,11,11,0.000,0.000,0,0,,1,0,,,,11,0,0,0,0,0,0,0,0,0,0,0,,,0,33,338
4,4,777,3,,11,11,0.000,0.000,0,0,,1,0,,,,11,0,0,0,0,0,0,0,0,0,0,0,,,0,33,338
4,4,778,3,,4,4,0.000,0.000,0,0,,1,0,,,,4,0,0,0,0,0,0,0,0,0,0,0,,,0,33,338
4,4,778,3,,4,4,0.000,0.000,0,0,,1,0,,,,4,0,0,0,0,0,0,0,0,0,0,0,,,0,33,338
4,4,779,3,,8,8,0.000,0.000,0,0,,1,0,,,,8,0,0,0,0,0,0,0,0,0,0,0,,,0,33,338
4,4,779,3,,8,8,0.000,0.000,0,0,,1,0,,,,8,0,0,0,0,0,0,0,0,0,0,0,,,0,33,338
4,4,780,3,,7,7,0.000,0.000,0,0,,1,0,,,,7,0,0,0,0,0,0,0,0,0,0,0,,,0,33,338
4,4,780,3,,7,7,0.000,0.000,0,0,,1,0,,,,7,0,0,0,0,0,0,0,0,0,0,0,,,0,33,338
4,4,682,3,,0,0,0.000,0.000,0,0,,1,0,,,,0,0,0,0,0,0,0,0,0,0,0,0,,,0,33,338
4,4,682,3,,0,0,0.000,0.000,0,0,,1,0,,,,0,0,0,0,0,0,0,0,0,0,0,0,,,0,33,338
